Food Name,Glycemic Index,Carbohydrates
Shawarma Wrap,20,25.0
Samboosa,83,20.0
Kheer,65,25.0
Rasgulla,93,23.6
Mushrooms,70,21.0
Mango Pickle,40,15.3
Peanuts,14,16.1
Oats,55,66.0
Zucchini Noodles,15,3.1
Mushrooms,10,15.0
Spinach,0,3.6
Uttapam,55,30.0
Lentils,32,20.0
Kabsa,20,15.0
Brown Rice,15,5.3
Apple,39,12.0
Apple,39,14.0
Salmon,0,0.0
Lassi,85,32.0
Rava Idli,75,20.0
Fish Curry,0,8.0
Lamb Kabsa,50,40.0
Asparagus,15,3.7
Blueberries,46,18.0
Vegetable Biryani,24,3.9
Kale,15,8.8
Chicken Korma,0,5.0
Oats,55,66.0
Asparagus,39,14.0
Lean Beef,0,0.0
Zucchini,0,8.0
Oranges,40,9.6
Celery,15,3.5
Strawberries,40,7.0
Barley,59,15.0
Apple,70,9.6
Blueberries,59,18.0
Chana Masala,42,32.0
Kibbeh,30,20.0
Flaxseed Oil,40,45.0
Kibbeh,15,15.0
Barley,55,30.0
Mango Chutney,50,55.0
Hummus,9,20.0
Brown Rice,15,5.3
Mutton Curry,68,35.0
Quinoa Pasta,71,46.0
Eggplant,15,6.0
Pineapple,59,13.0
Watermelon,75,8.0
Spinach,15,3.6
Watermelon,71,7.6
Labneh,4,12.0
Uttapam,55,35.0
Coconut Milk,40,45.0
Brown Rice,68,13.0
Puliyogare,55,49.9
Kadai Paneer,14,8.0
Lettuce,15,1.0
Pear,0,0.0
Quorn,0,44.4
Celery,15,3.8
Chicken Tikka Masala,0,0.0
Quorn,0,0.0
Salmon,0,0.0
Avocado,0,0.0
Manakish,45,40.0
Cabbage,15,6.0
Kale,0,0.0
Quorn,0,0.0
Orange,40,15.4
Coconut Milk,40,25.0
Kidney Beans,24,25.0
Turkey Breast,0,0.0
Quorn,0,0.0
Mango,55,26.3
Caprese Salad,70,14.0
Orange,40,16.0
Fatayer,0,0.0
Cauliflower,15,5.3
Rava Idli,55,10.0
Lassi,0,8.0
Greek Yogurt,11,3.6
Orange,40,15.4
Chicken Salad,0,1.1
Spinach,10,45.0
Grilled Chicken,0,5.0
Spinach,42,61.5
Oats,55,66.0
Broccoli,10,11.2
Asparagus,39,14.0
Mango Lassi,40,10.0
Quinoa Salad,53,20.0
Lemon Rice,50,40.0
Tandoori Chicken,0,5.0
Rajma Chawal,27,60.1
Tomato,15,4.6
Rava Idli,65,20.0
Green Tea,0,0.0
Quorn,0,4.5
Puliyogare,55,30.0
Mango Juice,0,0.0
Sweet Potato,70,20.0
Cottage Cheese,10,3.4
Brussels Sprouts,15,9.0
Zucchini,0,10.0
Watermelon,75,8.0
Lassi,0,15.0
Zucchini,15,3.1
Rajasthani Dal,75,50.0
Spinach,10,45.0
Strawberries,40,7.7
Celery,15,3.8
Split Pea Soup,37,21.7
Quinoa Salad,53,20.4
Lamb Kabsa,50,60.0
Chicken Biryani,50,45.0
Banana,50,21.0
Mushrooms,70,21.0
Kibbeh,15,15.0
Spinach Salad,0,0.0
Paneer Tikka,15,4.1
Vegetable Soup,10,45.0
Orange,70,46.0
Chia Seeds,0,0.0
Kabsa,50,40.0
Quinoa Pasta,39,12.0
Lamb,0,0.0
Zucchini,0,0.0
Oats,55,65.9
Celery,15,3.5
Lean Beef,0,0.0
Greek Salad,64,30.0
Quinoa Salad,53,20.4
Lentils,32,61.6
Stir-Fried Tofu,55,40.0
Mushroom Soup,10,15.0
Butter Chicken,0,12.0
Cottage Cheese,10,3.4
Chana Masala,42,45.0
Avocado,15,9.0
Flaxseeds,0,28.9
Spinach,15,3.6
Gobi Manchurian,55,25.0
Stir-Fried Tofu,15,2.4
Brown Rice,15,5.3
Aloo Gobi,24,3.9
Kabsa,50,17.9
Lettuce,15,1.0
Spinach,15,3.6
Samosa,89,15.0
Turkey Breast,0,0.0
Dosa,64,30.0
Whole Wheat Bread,68,15.4
Apple,39,14.0
Artichokes,10,10.0
Zucchini Noodles,15,6.3
Cucumber,15,3.6
Blueberries,53,14.0
Pav,65,45.0
Turkey Chili,37,21.7
Fish Curry,0,10.0
Kibbeh,10,9.3
Salmon,0,0.0
Kale,0,0.0
Za'atar Manakish,50,55.0
Apple,39,14.0
Zucchini Noodles,15,3.1
Cabbage,10,5.8
Kibbeh,0,0.0
Pav,15,30.0
Brown Lentils,32,60.0
Peanuts,12,16.1
Peanuts,12,16.1
Spinach,0,3.6
Blueberries,59,18.0
Tomato Soup,37,27.0
Quinoa Pasta,39,14.0
Quinoa Pasta,40,10.0
Orange,40,16.0
Mushrooms,35,5.8
Quorn,0,10.0
Olive Oil,0,0.0
Gajar Halwa,85,38.0
Bhindi Masala,20,20.0
Vada Pav,83,50.0
Zucchini,15,3.1
Flaxseed Oil,0,5.0
Cucumber,15,3.6
Tomato Soup,37,21.7
Black Beans,30,62.4
Green Beans,15,7.1
Zucchini,0,21.6
Spinach,15,3.6
Sweet Potato,70,20.0
Turkey Breast,0,0.0
Mandi,45,10.0
Celery,15,3.5
Vegetable Soup,37,10.0
Quinoa Salad,53,20.4
Caprese Salad,15,45.0
Cabbage,10,5.8
Spinach,15,3.6
Apple,39,14.0
Pongal,10,7.2
Chicken Salad,0,10.0
Green Tea,0,14.0
Butter Chicken,0,10.0
Spinach,10,45.0
Kale,0,0.0
Mutton Curry,10,15.0
Green Tea,0,1.0
Chicken Shawarma,45,40.0
Bell Pepper,15,10.0
Lentils,32,39.9
Pongal,65,20.0
Shakshuka,0,2.0
Lentils,32,39.9
Garlic,30,33.1
Egg Whites,0,0.0
Blueberries,53,14.0
Oats,55,65.9
Turkey Breast,0,0.0
Paneer Butter Masala,55,30.0
Kabsa,0,0.0
Kidney Beans,53,14.7
Spinach Salad,37,10.0
Almond Butter,45,45.0
Grilled Chicken,40,15.4
Lamb,0,44.4
Butter Chicken,0,12.0
Cucumber,15,3.6
Medu Vada,70,10.0
Zucchini,0,9.0
Fish Curry,0,10.0
Dahi Vada,85,20.0
Avocado Oil,0,0.0
Spinach,42,61.5
Pear,0,12.0
Rajma Chawal,27,60.1
Greek Yogurt,11,3.6
Zucchini,0,28.9
Cauliflower,15,5.0
Cabbage,15,6.0
Chicken Biryani,50,45.0
Lentils,32,61.6
Aloo Gobi,24,30.2
Orange,40,15.0
Vegetable Biryani,25,30.2
Cauliflower,15,5.0
Asparagus,39,14.0
Brown Bread,89,26.0
Black Beans,30,62.4
Lean Beef,0,0.0
Kibbeh,72,40.0
Hummus,85,20.0
Veggie Burger,24,30.2
Butter Chicken,0,12.0
Onions,10,6.6
Rasam,24,15.0
Lentils,32,20.0
Chole Bhature,50,50.0
Shahi Tukda,37,15.0
Mushrooms,10,3.3
Lettuce,0,20.0
Lentils,32,20.0
Brown Rice,50,45.0
Labneh Manakish,0,10.0
Brown Rice,15,5.3
Orange,40,15.0
Zucchini,0,21.6
Hummus,9,10.0
Papdi Chaat,65,30.0
Vegetable Pulao,65,45.0
Lean Beef,0,0.0
Brown Lentils,32,59.7
Lentils,32,20.0
Mango Pickle,35,55.0
Kale,0,0.0
Mandi,55,26.3
Lean Beef,0,0.0
Berries (Mixed),15,9.0
Chicken Biryani,50,45.0
Palak Paneer,15,8.0
Chicken 65,0,10.0
Turkey Breast,0,8.5
Apple,70,9.6
Gajar Halwa,70,14.5
Mansaf,40,20.0
Vegetable Biryani,46,32.0
Watermelon,71,7.6
Tuna,0,0.0
Quinoa Salad,53,20.4
Quinoa Salad,53,20.4
Bhindi Masala,15,2.4
Manakish,50,10.0
Pork Tenderloin,0,0.0
Butter Chicken,0,10.0
Vegetable Pulao,65,50.0
Lamb Kabsa,0,8.0
Lettuce,10,0.9
Apple,39,14.0
Mutton Biryani,50,40.0
Blueberries,53,14.0
Rajasthani Dal,30,33.1
Samosa,89,35.0
Spinach,42,65.7
Strawberries,40,7.7
Gulab Jamun,65,17.0
Oats,55,26.3
Caesar Salad,15,10.0
Chia Seeds,0,4.5
Lentils,32,20.0
Mango,45,55.0
Quinoa Pasta,53,21.3
Lettuce,0,0.0
Kidney Beans,24,63.0
Arayes,15,6.3
Lamb Kabsa,50,15.0
Avocado,15,9.0
Orange,55,20.4
Mushrooms,35,30.0
Lean Beef,0,0.0
Rasgulla,93,40.0
Matar Paneer,0,0.0
Paneer,75,20.0
Chicken Soup,0,5.0
Gulab Jamun,65,30.0
Samosa,89,35.0
Walnuts,15,13.7
Quinoa Pasta,53,25.0
Avocado,15,9.0
Peanuts,14,16.1
Almonds,0,0.0
Kadai Paneer,15,8.0
Labneh,4,12.0
Chicken 65,85,20.0
Watermelon,71,8.0
Cauliflower,15,5.3
Banana,0,2.0
Broccoli,15,11.2
Cauliflower,15,5.3
Malai Paneer,0,2.2
Chicken Korma,0,12.0
Mujadara,24,30.0
Vegetable Biryani,46,35.0
Mushroom Soup,49,35.0
Cabbage,15,6.0
Celery,15,3.5
Chia Seed Oil,40,40.0
Lamb,0,0.0
Garlic,30,8.0
Maamoul,0,0.0
Quinoa,53,21.3
Pork Tenderloin,0,0.0
Gulab Jamun,65,30.0
Sweet Potato,70,20.0
Fatayer,0,15.0
Gulab Jamun,65,52.0
Oranges,45,11.0
Aloo Gobi,24,15.0
Coconut Oil,35,5.0
Walnuts,0,8.5
Lentils,32,45.8
Lentils,32,20.0
Chicken Tikka Masala,0,12.0
Orange,40,15.4
Harira Soup,40,25.0
Quinoa Salad,53,20.4
Cauliflower,15,5.3
Apple,35,3.2
Chicken Biryani,50,45.0
Quinoa,53,65.7
Bhindi Masala,15,7.1
Greek Yogurt,11,3.6
Kabsa,50,50.0
Lamb Kabsa,0,28.9
Artichokes,10,20.0
Sambousek,15,11.2
Mushrooms,70,23.0
Greek Salad,64,30.0
Tuna,0,0.0
Apple,39,10.0
Ginger,10,6.6
Quinoa,53,21.3
Mango Juice,40,27.0
Hummus,85,20.0
Walnuts,0,0.0
Strawberries,40,7.0
Zucchini Noodles,15,3.1
Blueberries,53,14.5
Pongal,24,30.2
Dahi Vada,50,17.9
Samosa,89,32.0
Zucchini Noodles,15,3.1
Hummus,85,32.0
Mango Lassi,12,10.0
Asparagus,15,3.7
Greek Yogurt,11,3.6
Chole Bhature,83,55.0
Zucchini,0,10.0
Vegetable Biryani,24,20.0
Samboosa,83,14.0
Rasgulla,93,45.0
Rajma Chawal,25,25.0
Whole Wheat Pasta,37,25.7
Paneer Butter Masala,65,45.0
Labneh Manakish,0,10.0
Vegetable Biryani,46,32.0
Cauliflower,15,5.3
Whole Wheat Pasta,37,25.7
Blueberries,59,18.0
Rajma Chawal,27,63.0
Malai Kofta,85,20.0
Watermelon,71,7.6
Muhallabia,45,10.0
Barley,15,6.3
Laban,4,45.0
Pav,65,52.0
Almond Butter,45,45.0
Stir-Fried Tofu,65,21.0
Samboosa,45,40.0
Fatayer,24,30.0
Hummus,9,20.0
Coconut Milk,40,25.0
Mango,45,55.0
Brown Rice,15,5.3
Brown Rice,15,5.3
Chicken Mandi,45,6.6
Greek Yogurt,11,3.6
Harira Soup,40,16.0
Greek Yogurt,11,3.6
Caesar Salad,15,4.6
Mansaf,65,32.0
Quinoa,53,21.3
Greek Salad,45,21.1
Broccoli,10,11.2
Apple,39,10.0
Turkey Chili,65,30.0
Tandoori Chicken,0,3.0
Coconut Milk,40,45.0
Vegetable Pulao,60,20.0
Rasgulla,93,23.6
Cabbage,10,5.8
Brown Bread,89,48.0
Cauliflower,15,5.3
Brown Rice,15,5.3
Dahi Vada,50,30.0
Quinoa,53,21.3
Black Beans,30,62.4
Chicken 65,85,10.0
Lettuce,10,1.0
Orange,40,16.0
Flaxseeds,50,10.0
Spinach,0,3.6
Brussels Sprouts,15,6.0
Turkey Chili,55,25.0
Quinoa,53,21.3
Tomato Soup,30,33.1
Mango Juice,40,30.0
Manakish,55,10.0
Cottage Cheese,10,2.6
Harira Soup,40,15.4
Brown Rice,68,13.0
Greek Yogurt,11,3.6
Whole Wheat Bread,68,13.0
Lemon Rice,50,30.0
Asparagus,39,14.0
Lentils,32,20.0
Bell Pepper,0,0.0
Turkey Breast,0,0.0
Mansaf,65,45.0
Kheer,65,25.0
Coconut Oil,10,16.1
Rasgulla,93,40.9
Palak Paneer,20,8.0
Turkey Breast,0,0.0
Shrimp Stir-Fry,83,23.0
Pav,65,40.0
Matar Paneer,0,0.0
Malai Paneer,70,10.0
Almond Milk,24,1.5
Bhindi Masala,20,25.0
Spinach,28,30.0
Chia Seed Oil,0,2.0
Mushrooms,10,15.0
Bhindi Masala,15,6.1
Salmon,0,21.6
Bell Peppers,15,7.0
Olive Oil,0,44.4
Cauliflower,15,5.0
Shrimp Stir-Fry,45,25.0
Mango Pickle,40,45.0
Spinach,15,3.6
Blueberries,53,14.0
Spinach,10,45.0
Berries (Mixed),40,10.0
Celery,15,3.8
Oats,55,66.0
Quinoa,53,21.3
Chicken Soup,45,6.6
Lamb Kabsa,50,60.0
Mujadara,45,35.0
Tomato,37,3.9
Pears,65,52.0
Bell Peppers,15,7.1
Asparagus,39,14.0
Lettuce,15,1.0
Strawberries,40,7.0
Miso Soup,35,30.0
Chicken Curry,0,0.0
Celery,15,3.8
Strawberries,40,7.7
Rasgulla,93,40.9
Steamed Vegetables,15,11.2
Flaxseeds,50,10.0
Apple,70,11.0
Quinoa,53,21.3
Shrimp Stir-Fry,0,0.0
Eggplant,15,6.0
Chia Seeds,0,12.3
Quinoa Pasta,40,10.0
Spinach,0,3.6
Mango Chutney,55,26.3
Chia Seeds,0,28.9
Artichokes,0,0.0
Blueberries,53,18.0
Cabbage,10,6.0
Strawberries,40,7.7
Green Beans,15,7.0
Miso Soup,35,5.5
Brown Rice,15,5.3
Cucumber,15,3.6
Cauliflower,15,5.3
Mansaf,40,28.9
Mango Juice,55,26.3
Blueberries,53,14.0
Quinoa Pasta,53,21.3
Cod,30,33.1
Avocado,15,9.0
Tomatoes,15,3.9
Strawberries,40,7.0
Kunafa,32,14.0
Chapati,20,1.5
Greek Yogurt,11,3.6
Lettuce,10,0.9
Lamb Shawarma,50,15.0
Sweet Potato,70,23.0
Greek Yogurt,11,3.6
Oats,55,35.0
Kheer,65,30.0
Masoor Dal,30,20.0
Malai Kofta,85,15.0
Whole Wheat Pasta,37,25.7
Pani Puri,89,26.0
Berries (Mixed),15,6.6
Matar Paneer,0,0.0
Gulab Jamun,65,50.0
Stir-Fried Tofu,65,35.0
Pineapple,59,13.1
Spinach,15,3.6
Tuna,0,0.0
Rasgulla,93,15.0
Quorn,0,4.5
Brown Bread,89,48.0
Oranges,45,9.6
Apple,39,12.0
Chicken Mandi,24,20.0
Arayes,15,10.0
Avocado,15,9.0
Cauliflower,15,5.3
Mango Pickle,12,45.0
Arayes,50,35.0
Orange,40,16.0
Avocado,10,8.5
Cod,24,15.0
Apple,39,14.0
Mushrooms,10,3.3
Tuna,0,0.0
Lamb Kabsa,0,10.0
Pav,15,10.9
Celery,15,3.8
Chia Seeds,0,0.0
Almonds,0,0.0
Split Pea Soup,0,20.0
Blueberries,53,18.0
Walnuts,0,13.7
Green Tea,0,0.0
Tofu,45,40.0
Whole Wheat Pasta,37,25.7
Paneer Tikka,15,4.1
Cauliflower,15,5.3
Walnuts,0,0.0
Vegetable Biryani,50,55.0
Lemon Rice,50,30.0
Rajma Chawal,25,55.0
Cottage Cheese,10,2.6
Turkey Breast,0,0.0
Almonds,0,0.0
Lentils,32,20.0
Mango Juice,40,25.0
Miso Soup,35,55.0
Mango,55,10.0
Mango,45,35.0
Grilled Chicken,40,15.4
Oranges,40,15.0
Brown Lentils,32,60.0
Oats,55,26.3
Kale,15,8.8
Berries (mixed),40,9.6
Arayes,15,4.6
Brown Rice,50,44.8
Pork Tenderloin,0,0.0
Seaweed,35,9.0
Quinoa Salad,53,30.0
Brown Rice,15,5.3
Mandi,50,30.0
Quinoa Pasta,53,21.3
Kofta,40,15.0
Manakish,45,8.0
Quinoa,53,21.3
Quinoa Salad,53,21.1
Vegetable Biryani,46,60.0
Chicken Korma,0,5.0
Lean Beef,0,0.0
Turkey Breast,0,0.0
Butter Naan,10,6.6
Labneh,0,10.0
Lamb Shawarma,20,30.0
Artichokes,0,0.0
Tandoori Roti,24,3.9
Chicken Salad,10,15.0
Greek Yogurt,11,3.6
Seaweed,35,20.0
Kabsa,50,50.0
Lentils,32,63.4
Cod,37,5.8
Uttapam,70,23.0
Shahi Paneer,20,15.0
Avocado,0,0.0
Tuna,0,0.0
Vegetable Pulao,65,50.0
Lamb Kabsa,0,8.0
Masoor Dal,30,27.0
Greek Yogurt,11,3.6
Berries (mixed),40,10.6
Fatayer,30,35.0
Cottage Cheese,10,2.6
Spinach,10,45.0
Brown Rice,15,5.3
Banana,40,5.8
Kunafa,32,14.0
Eggs,40,30.2
Sweet Potato,70,20.0
Pav,65,50.0
Rasgulla,65,35.0
Avocado,15,9.0
Medu Vada,0,2.2
Rajasthani Dal,45,40.0
Berries (mixed),40,9.6
Avocado,15,9.0
Rajma Masala,27,45.0
Quorn,0,0.0
Dosa,50,10.0
Black Beans,30,62.4
Apple,95,40.9
Zucchini,0,10.0
Chicken Curry,0,8.8
Kidney Beans,24,60.1
Turkey Chili,65,40.0
Mutton Curry,15,8.0
Mango Pickle,55,35.0
Chicken Tikka,20,45.0
Rajma Masala,27,15.0
Orange,42,10.6
Oats,55,66.0
Cucumber,15,3.6
Upma,70,15.4
Zucchini Noodles,15,6.3
Masoor Dal,24,1.5
Masoor Dal,30,33.1
Cabbage,15,6.0
Eggplant,15,6.0
Brown Rice,15,5.3
Rajasthani Dal,0,0.0
Oranges,45,11.0
Chia Seed Oil,0,0.0
Mujadara,24,25.0
Spinach,15,3.6
Lassi,0,8.0
Samboosa,0,2.0
Cauliflower,15,5.3
Quinoa,53,21.3
Pineapple,66,13.0
Flaxseeds,50,21.3
Dahi Vada,85,23.0
Peanuts,12,16.1
Mango Pickle,12,3.6
Broccoli,10,11.2
Blueberries,53,14.0
Celery,15,1.2
Garlic,30,33.1
Cabbage,15,6.0
Butter Naan,70,40.0
Mushrooms,10,3.3
Oats,55,65.9
Oats,55,65.9
Grilled Salmon,0,5.0
Paneer Tikka,15,10.2
Asparagus,15,3.7
Mango Pickle,35,33.1
Blueberries,53,14.0
Celery,15,1.2
Kidney Beans,24,22.8
Almonds,0,0.0
Aloo Tikki,40,40.0
Mushrooms,10,3.3
Manakish,45,10.0
Brown Rice,50,77.5
Dosa,50,35.0
Radish,20,12.0
Cauliflower,15,5.3
Lentils,29,25.0
Shahi Paneer,10,16.0
Whole Wheat Pasta,37,25.7
Turkey Breast,0,0.0
Kidney Beans,53,14.7
Cottage Cheese,10,2.6
Fatayer,30,35.0
Rajma Chawal,25,55.0
Rajma Chawal,27,15.0
Rajma Masala,27,15.0
Brown Bread,89,48.0
Vegetable Pulao,60,20.0
Mutton Curry,30,27.0
Shakshuka,0,10.0
Chicken Salad,10,3.3
Zucchini,15,3.1
Tomato Soup,0,2.0
Dal,0,10.0
Almond Milk,24,1.5
Apple,70,40.0
Cabbage,10,5.8
Brown Bread,89,35.0
Eggplant Parmesan,50,20.0
Asparagus,15,3.7
Cauliflower,15,5.3
Paneer Tikka,20,35.0
Manakish,45,50.0
Turkey Breast,0,0.0
Broccoli,15,17.8
Blueberries,53,14.0
Hummus,9,20.0
Pork Tenderloin,0,0.0
Walnuts,0,0.0
Manakish,45,45.0
Artichokes,0,0.0
Spinach,0,3.6
Asparagus,39,12.0
Mansaf,65,52.0
Walnuts,0,0.0
Chicken Curry,0,19.2
Lamb Kabsa,0,15.0
Avocado,15,9.0
Orange,40,15.4
Cucumber,15,3.6
Avocado Oil,10,10.0
Malai Kofta,24,25.0
Fish Curry,0,12.3
Green Tea,0,14.0
Cottage Cheese,10,2.6
Stir-Fried Tofu,55,26.3
Eggs,0,0.6
Kunafa,32,14.0
Kiwi,75,40.0
Whole Wheat Bread,68,40.0
Chicken Korma,0,10.0
Chia Seeds,0,0.0
Lamb,0,0.0
Foul Sandwich,0,12.0
Grilled Chicken,0,0.0
Labneh,4,6.0
Veg Cutlet,55,30.0
Watermelon,71,8.0
Mango Juice,55,35.0
Spinach,42,65.7
Shahi Paneer,20,25.0
Avocado,15,9.0
Oats,55,66.0
Lean Beef,0,0.0
Pear,55,30.0
Kabsa,0,1.0
Bell Peppers,15,7.1
Zucchini Noodles,15,3.1
Muhallabia,55,32.0
Oranges,40,15.0
Zucchini Noodles,15,3.1
Za'atar Manakish,55,40.0
Hummus,9,15.0
Lettuce,10,1.0
Sweet Potato,70,35.0
Lentils,32,20.0
Tomato,37,15.3
Asparagus,39,14.0
Laban,4,45.0
Tofu,15,6.1
Chole Bhature,50,50.0
Bhindi Masala,15,6.3
Zucchini,0,10.0
Kiwi,75,40.0
Sweet Potato,70,20.0
Mujadara,55,45.0
Butter Naan,49,8.0
Almonds,0,0.0
Apple,70,46.0
Turkey Breast,0,0.0
Quinoa,53,65.7
Banana,85,21.0
Chicken Salad,10,15.0
Caprese Salad,49,45.0
Arayes,15,7.1
Brown Rice,50,44.8
Pear,0,5.0
Oranges,40,15.4
Quinoa Salad,53,55.0
Chole Bhature,50,55.0
Chicken Kebab,30,35.0
Chia Seeds,0,44.4
Mango Chutney,45,14.0
Mutton Curry,10,6.6
Oranges,40,10.0
Dahi Vada,85,40.0
Mushrooms,70,20.0
Chole Bhature,83,40.0
Chole Bhature,83,40.0
Maamoul,10,9.3
Chicken Tikka Masala,45,20.0
Blueberries,53,14.5
Puliyogare,24,30.2
Fatayer,0,0.0
Orange,55,21.1
Flaxseeds,0,0.0
Asparagus,15,3.7
Quinoa,53,21.3
Puliyogare,10,10.0
Samboosa,83,20.0
Coconut Milk,40,20.0
Green Beans,15,6.3
Eggplant,15,5.0
Aloo Gobi,34,25.0
Berries (mixed),40,10.6
Vegetable Biryani,25,25.0
Vada Pav,65,59.7
Kale,15,8.8
Strawberries,40,7.0
Quinoa Salad,53,55.0
Gajar Halwa,70,15.4
Strawberries,40,7.0
Turkey Breast,0,0.0
Chicken Korma,0,5.0
Chicken Curry,0,10.0
Tandoori Roti,24,25.0
Eggs,0,0.6
Vada Pav,65,52.0
Mango Juice,40,30.0
Butter Chicken,0,10.0
Chicken Mandi,75,45.0
Green Tea,0,1.0
Samosa,89,20.0
Miso Soup,35,30.0
Almonds,0,20.0
Oranges,45,9.6
Watermelon,71,8.0
Onions,10,9.3
Mujadara,55,10.0
Samosa,89,35.0
Asparagus,15,3.7
Mutton Biryani,50,40.0
Coconut,45,15.0
Quinoa Salad,53,40.0
Pear,85,32.0
Matar Paneer,0,44.4
Tandoori Chicken,0,4.0
Walnuts,15,13.7
Watermelon,71,8.0
Pineapple,59,13.1
Lamb Kabsa,50,30.0
Butter Chicken,0,10.0
Chicken Curry,0,13.7
Mango Pickle,40,15.3
Brown Bread,89,48.0
Chicken Curry,0,0.0
Zucchini Noodles,15,3.1
Zucchini Noodles,15,3.1
Turkey Breast,0,0.0
Mango Chutney,45,10.0
Salmon,0,0.0
Chia Seed Oil,40,3.9
Veggie Burger,0,3.6
Whole Wheat Pasta,37,25.7
Fish Fry,30,35.0
Avocado,15,9.0
Orange,70,9.6
Tuna,0,0.0
Tuna Salad,10,3.3
Chicken Kebab,24,20.0
Paneer,0,3.0
Dosa,64,35.0
Dosa,50,21.3
Tandoori Chicken,0,5.0
Blueberries,53,18.0
Spinach,10,45.0
Avocado,0,8.5
Spinach,28,20.0
Orange,70,46.0
Blueberries,53,14.0
Black Beans,30,44.3
Watermelon,71,8.0
Asparagus,15,3.7
Rajma Masala,27,45.0
Zucchini,0,9.0
Whole Wheat Pasta,37,25.7
Vegetable Pulao,60,45.0
Salmon,0,0.0
Greek Yogurt,11,3.6
Cauliflower,15,5.3
Onions,10,9.0
Greek Salad,45,20.0
Orange,40,15.0
Orange,42,10.6
Almonds,0,19.2
Berries (mixed),40,10.6
Cucumber,15,3.6
Mango Chutney,55,26.3
Seaweed,35,9.6
Foul Sandwich,0,5.0
Lamb Shawarma,20,20.0
Olive Oil,0,0.0
Flaxseeds,0,4.5
Fattoush,0,15.0
Fatayer,30,35.0
Brown Rice,68,44.8
Apple,39,14.0
Pav,15,20.0
Lettuce,15,1.0
Oranges,40,15.4
Mango,45,35.0
Brown Rice,50,45.8
Whole Wheat Pasta,37,25.7
Kheer,85,18.0
Mushrooms,10,5.9
Spinach,15,3.6
Butter Naan,70,15.0
Salmon,0,21.7
Strawberries,40,7.0
Walnuts,0,0.0
Eggs,0,0.6
Turkey Breast,0,0.0
Blueberries,59,18.0
Mushrooms,10,3.3
Black Beans,30,44.3
Chole Bhature,50,55.0
Spinach,28,20.0
Mutton Curry,10,9.3
Apple,70,46.0
Mansaf,40,20.0
Spinach,42,61.5
Blueberries,53,14.0
Pani Puri,89,48.0
Mutton Biryani,50,45.0
Matar Paneer,20,15.0
Almond Milk,24,1.5
Cabbage,10,6.0
Mango Lassi,40,45.0
Pav,15,9.0
Cottage Cheese,10,2.6
Peanuts,12,16.1
Lentils,32,20.0
Zucchini Noodles,15,3.1
Almonds,0,19.2
Salmon,0,0.0
Turkey Breast,0,0.0
Pineapple,66,13.1
Blueberries,59,18.0
Malai Kofta,24,20.0
Blueberries,53,14.0
Eggs,0,0.6
Tuna,0,0.0
Tandoori Chicken,0,5.0
Dosa,50,35.0
Tofu,37,10.0
Eggplant,15,6.0
Butter Naan,15,6.0
Peanuts,12,16.1
Pav,65,30.0
Shahi Paneer,20,25.0
Eggplant,15,8.0
Sweet Potato,70,19.7
Oranges,40,10.0
Caesar Salad,10,10.0
Cauliflower,15,5.3
Eggplant,15,6.0
Chia Seed Oil,0,10.0
Spinach Salad,37,21.7
Vegetable Biryani,50,50.0
Quinoa Pasta,39,10.0
Kibbeh,10,15.0
Salmon,0,21.6
Cauliflower,15,5.0
Berries (mixed),40,9.0
Palak Paneer,20,50.0
Brussels Sprouts,15,9.0
Lassi,0,8.0
Mujadara,24,38.0
Lassi,85,10.0
Kadai Paneer,15,10.2
Onions,10,6.6
Spinach,0,3.6
Peanuts,12,16.1
Zucchini,15,3.1
Apple,39,14.0
Mushrooms,10,15.0
Mutton Rogan Josh,0,5.0
Lean Beef,0,0.0
Almonds,0,13.7
Chicken Biryani,50,45.0
Kale,0,0.0
Kidney Beans,24,55.0
Greek Yogurt,11,3.6
Puliyogare,55,30.0
Oats,55,26.3
Pineapple,66,13.0
Lamb Kabsa,50,30.0
Quinoa,53,21.3
Asparagus,15,3.7
Chicken Biryani,50,45.0
Tomatoes,15,3.9
Quinoa Pasta,53,21.3
Spinach,10,45.0
Pork Tenderloin,0,0.0
Turkey Breast,0,0.0
Lentil Soup,44,21.1
Mango,45,21.3
Samboosa,83,20.0
Rajma Masala,27,15.0
Ginger,68,32.0
Coconut Chutney,10,16.1
Chana Masala,42,25.0
Cabbage,10,5.8
Kheer,65,25.0
Greek Yogurt,11,3.6
Arayes,15,6.3
Lentil Soup,44,20.4
Fish Fry,30,35.0
Zucchini,15,3.1
Kibbeh,15,20.0
Chicken Biryani,50,45.0
Blueberries,59,18.0
Spinach,28,25.0
Rajma Chawal,55,13.0
Watermelon,75,8.0
Eggs,85,20.0
Fatayer,0,0.0
Lamb,0,0.0
Rasgulla,93,23.6
Quinoa Salad,53,40.0
Strawberries,40,7.0
Coconut Milk,40,25.0
Salmon,0,21.6
Mushrooms,10,6.0
Spinach,15,3.6
Kiwi,75,40.0
Lettuce,10,1.0
Onions,10,9.0
Brown Rice,50,44.8
Bell Peppers,15,6.3
Salmon,0,0.0
Barley,0,0.0
Chicken Biryani,50,45.0
Spinach Salad,0,2.0
Aloo Gobi,24,30.2
Chapati,20,18.0
Celery,15,1.2
Kabsa,50,17.9
Tomato,37,5.8
Tandoori Chicken,0,5.0
Mushroom Soup,10,15.0
Vegetable Pulao,65,50.0
Asparagus,15,3.7
Brown Lentils,32,60.0
Cabbage Soup,10,10.0
Chicken Biryani,50,45.0
Kabsa,0,0.0
Brown Rice,68,13.0
Brown Bread,89,35.0
Lentils,29,25.0
Brown Rice,68,39.9
Lean Beef,0,0.0
Kibbeh,10,9.0
Brown Rice,15,5.3
Zucchini Noodles,15,7.1
Shahi Paneer,15,11.2
Kadai Paneer,14,4.1
Avocado,15,9.0
Greek Yogurt,11,3.6
Kidney Beans,53,14.7
Kheer,85,18.0
Spinach,15,3.6
Quinoa Pasta,71,9.6
Rajasthani Dal,45,40.0
Flaxseeds,0,0.0
Blueberries,59,18.0
Almond Milk,24,1.5
Chia Seeds,0,4.5
Grilled Chicken,40,25.0
Quinoa,53,21.3
Kidney Beans,53,14.7
Brown Bread,89,40.0
Spinach,28,20.0
Cauliflower,15,5.3
Masoor Dal,24,1.5
Chicken Curry,0,0.0
Sweet Potato,70,23.0
Asparagus,39,14.0
Walnuts,15,13.7
Palak Paneer,0,28.9
Orange,40,15.4
Zucchini,0,8.0
Oats,55,65.9
Chicken Curry,0,0.0
Rajasthani Dal,0,0.0
Almonds,0,0.0
Chole Bhature,50,55.0
Sweet Potato,70,19.7
Cottage Cheese,10,2.6
Spinach,0,3.6
Lamb Kabsa,50,50.0
Mujadara,24,20.0
Almonds,0,0.0
Kheer,65,30.0
Pork Tenderloin,0,0.0
Cucumber,15,3.6
Kale,15,8.8
Orange,40,15.4
Blueberries,59,18.0
Cottage Cheese,10,2.6
Seaweed,35,10.0
Lemon Rice,40,40.0
Baingan Bharta,24,30.2
Asparagus,39,14.0
Lettuce,0,0.0
Blueberries,53,14.0
Lamb Kabsa,50,15.0
Gobi Manchurian,65,59.7
Kale,15,8.8
Chicken 65,85,10.0
Cucumber,15,3.6
Butter Chicken,0,12.0
Lassi,30,21.7
Butter Chicken,0,12.0
Gobi Manchurian,55,49.9
Cucumber,15,3.6
Laban,4,12.0
Paneer Butter Masala,65,45.0
Cottage Cheese,10,3.4
Brown Rice,68,13.0
Shahi Tukda,65,52.0
Vegetable Biryani,25,25.0
Baingan Bharta,24,15.0
Cauliflower,15,5.0
Bhindi Masala,20,35.0
Broccoli,10,11.2
Turkey Breast,0,0.0
Berries (mixed),40,9.6
Chicken Shawarma,0,5.0
Greek Yogurt,11,3.6
Pakora,37,15.4
Chicken Korma,0,5.0
Pears,65,59.7
Quinoa,53,21.3
Chicken Curry,0,10.0
Chicken 65,0,15.0
Rasgulla,93,40.9
Kabsa,50,30.0
Oats,55,35.0
Tandoori Chicken,0,3.0
Arayes,15,6.3
Onions,10,6.6
Masoor Dal,30,20.0
Bhindi Masala,20,12.0
Upma,70,19.7
Pani Puri,89,40.0
Lamb Shawarma,40,40.0
Shakshuka,10,20.0
Kibbeh,30,15.4
Rasgulla,93,40.0
Pork Tenderloin,0,0.0
Flaxseeds,50,45.0
Lean Beef,0,0.0
Almonds,0,0.0
Lentils,32,20.0
Chicken Biryani,50,45.0
Kidney Beans,53,14.7
Malai Kofta,85,20.0
Avocado,15,9.0
Green Tea,0,14.0
Cabbage Soup,15,4.6
Grilled Salmon,40,15.4
Bell Peppers,15,6.6
Tuna,0,0.0
Asparagus,39,14.0
Mushrooms,10,3.3
Cabbage,10,6.0
Pav,65,50.0
Brown Rice,68,39.9
Kabsa,20,8.0
Tandoori Chicken,0,5.0
Pakora,75,21.0
Turkey Chili,65,30.0
Rajma Masala,27,15.0
Vada Pav,65,52.0
Oranges,45,9.6
Tandoori Chicken,0,2.0
Rasam,24,20.0
Chicken Korma,0,4.0
Lettuce,0,21.6
Chicken Biryani,50,45.0
Brown Bread,89,25.0
Ginger,15,11.0
Labneh Manakish,4,45.0
Stir-Fried Tofu,55,26.3
Pani Puri,89,38.0
Broccoli,10,11.2
Coconut Oil,0,10.0
Tomato,37,15.0
Quinoa,53,65.7
Onions,10,9.0
Eggs,0,0.6
Egg Whites,0,0.0
Miso Soup,35,12.0
Quinoa Pasta,53,25.0
Steamed Broccoli,0,0.0
Shish Taouk,20,45.0
Pongal,65,52.0
Avocado,0,8.5
Blueberries,59,18.0
Vegetable Biryani,25,25.0
Seaweed,35,10.0
Lean Beef,0,0.0
Apple,39,10.0
Asparagus,39,14.0
Cauliflower,15,5.3
Fish Curry,0,2.0
Aloo Tikki,50,35.0
Spinach,10,45.0
Quinoa Pasta,53,21.3
Shish Taouk,89,35.0
Quinoa,53,21.3
Lentils,32,63.4
Blueberries,53,14.0
Quinoa Pasta,53,21.3
Aloo Gobi,24,15.0
Zucchini Noodles,15,7.1
Eggplant Parmesan,50,30.0
Almonds,0,28.9
Stir-Fried Tofu,55,35.0
Medu Vada,70,14.0
Cucumber,15,3.6
Coconut Milk,40,45.0
Butter Chicken,0,10.0
Malai Kofta,24,20.0
Spinach,42,65.7
Peanuts,14,16.1
Strawberries,40,7.0
Walnuts,15,13.7
Papdi Chaat,65,59.7
Spinach,42,65.7
Cabbage,15,6.0
Mansaf,65,59.7
Kheer,85,30.0
Peanuts,14,16.1
Onions,10,6.6
Caprese Salad,49,45.0
Salmon,0,0.0
Watermelon,75,7.6
Asparagus,15,3.7
Samboosa,45,33.1
Eggs,85,25.0
Quinoa Pasta,53,21.3
Lassi,0,15.0
Chicken Salad,10,3.3
Steamed Vegetables,15,11.2
Pakora,45,6.6
Spinach,10,45.0
Kidney Beans,53,14.7
Baingan Bharta,15,9.0
Zucchini Noodles,15,6.3
Lentils,29,20.0
Mushrooms,35,5.8
Shahi Tukda,37,15.0
Avocado,0,0.0
Cottage Cheese,10,2.6
Almonds,0,21.6
Celery,15,1.2
Upma,70,19.7
Vegetable Biryani,50,55.0
Eggplant,15,5.0
Greek Salad,64,30.0
Quinoa,53,21.3
Spinach,28,20.0
Whole Wheat Pasta,37,25.7
Rajasthani Dal,75,40.0
Zucchini,0,21.7
Orange,40,16.0
Vegetable Soup,10,45.0
Shrimp,20,15.0
Spinach,28,61.6
Zucchini Noodles,15,3.1
Coconut Milk,40,25.0
Cottage Cheese,10,2.6
Lean Beef,0,0.0
Quorn,0,20.0
Chole Bhature,83,55.0
Walnuts,15,13.7
Asparagus,15,3.7
Celery,15,1.2
Oats,55,71.7
Tomato,37,15.0
Lamb,0,0.0
Tandoori Chicken,0,5.0
Pork Tenderloin,0,0.0
Turkey Breast,0,0.0
Quinoa Pasta,53,25.0
Spinach Salad,37,10.0
Quinoa,53,61.5
Avocado Oil,10,10.0
Cauliflower,15,5.3
Whole Wheat Bread,68,30.0
Avocado,10,8.5
Mujadara,45,25.0
Watermelon,71,7.6
Grilled Chicken,40,30.0
Puliyogare,55,35.0
Rajasthani Dal,45,45.0
Celery,15,1.2
Black Beans,30,44.3
Chicken Biryani,50,45.0
Chole Bhature,50,50.0
Dosa,50,21.3
Olive Oil,0,0.0
Harira Soup,40,25.0
Broccoli,10,11.2
Strawberries,40,7.7
Turkey Breast,0,0.0
Pork Tenderloin,0,0.0
Chicken Mandi,0,0.0
Bell Peppers,15,3.9
Olive Oil,0,0.0
Lettuce,10,1.0
Kheer,85,18.0
Pani Puri,89,48.0
Shish Taouk,50,40.9
Shrimp Stir-Fry,0,2.0
Cucumber,15,3.6
Quorn,0,4.5
Apple,95,40.9
Upma,65,52.0
Lassi,0,15.0
Flaxseeds,50,45.0
Chicken Curry,0,10.0
Egg Whites,50,10.0
Quinoa Pasta,40,10.0
Asparagus,39,14.0
Fattoush,30,20.0
Walnuts,0,9.0
Oats,55,66.0
Strawberries,40,7.0
Lamb,0,0.0
Za'atar Manakish,65,50.0
Zucchini,0,21.7
Turkey Breast,0,0.0
Olive Oil,0,0.0
Cabbage,10,5.8
Shawarma Wrap,50,40.9
Mutton Biryani,50,50.0
Whole Wheat Pasta,37,25.7
Orange,42,10.6
Spinach,10,45.0
Lentils,32,20.0
Lamb Ouzi,40,30.0
Blueberries,53,14.0
Strawberries,40,7.0
Lentils,32,45.8
Lentil Soup,35,3.2
Bhindi Masala,20,45.0
Mujadara,35,30.0
Watermelon,71,7.6
Salmon,0,0.0
Caprese Salad,49,30.0
Cabbage Soup,15,10.0
Walnuts,0,28.9
Rajma Chawal,25,45.0
Cucumber,15,3.6
Zucchini,0,10.0
Hummus,85,21.0
Chicken Salad,0,10.0
Mushrooms,10,3.3
Tuna Salad,0,2.0
Pani Puri,89,48.0
Celery,15,1.2
Turkey Breast,0,0.0
Mutton Curry,30,30.0
Lamb Kabsa,50,15.0
Celery,15,3.5
Samosa,89,26.0
Mujadara,35,30.0
Brown Rice,50,45.8
Tandoori Chicken,0,4.0
Mandi,55,8.0
Pani Puri,89,48.0
Barley,55,15.0
Pineapple,59,13.0
Tuna,0,0.0
Kale,15,8.8
Peanuts,12,16.1
Watermelon,71,8.0
Chicken Biryani,50,45.0
Zucchini,0,10.0
Shrimp Stir-Fry,0,12.0
Chia Seed Oil,40,5.8
Mansaf,40,45.0
Apple,39,14.0
Orange,55,20.4
Cauliflower,15,5.3
Apple,39,10.0
Chia Seeds,0,10.0
Walnuts,15,13.7
Quorn,0,0.0
Kidney Beans,53,15.0
Kheer,65,25.0
Whole Wheat Bread,68,49.9
Orange,55,40.0
Green Tea,0,10.0
Cauliflower,15,5.3
Shrimp Stir-Fry,15,11.7
Mansaf,65,32.0
Mango Chutney,45,55.0
Cabbage,10,5.8
Matar Paneer,35,10.0
Quinoa Salad,53,40.0
Quinoa Salad,53,35.2
Kheer,85,18.0
Orange,40,15.0
Onions,10,9.0
Mansaf,65,45.0
Cabbage Soup,49,40.9
Salmon,0,1.0
Almond Milk,24,60.1
Spinach,0,3.6
Black Beans,30,62.4
Grilled Chicken,0,0.0
Chicken Biryani,50,45.0
Lamb,0,28.9
Tabbouleh,24,30.0
Mujadara,35,30.0
Turkey Breast,0,0.0
Peanuts,14,16.1
Quinoa Pasta,53,21.3
Baingan Bharta,15,10.9
Paneer Tikka,15,10.2
Brown Rice,15,5.3
Spinach,10,45.0
Greek Yogurt,11,3.6
Lassi,30,27.0
Miso Soup,35,17.9
Chole Bhature,50,45.0
Blueberries,53,14.0
Cauliflower,15,5.3
Coconut Milk,40,30.0
Olive Oil,0,28.9
Lamb,0,28.9
Kofta,40,27.0
Tomatoes,15,3.4
Brown Rice,50,44.8
Almond Butter,0,21.7
Brussels Sprouts,40,5.8
Walnuts,15,13.7
Lettuce,15,1.0
Lentils,32,20.0
Bhindi Masala,20,20.0
Oats,55,66.0
Zucchini,0,21.6
Shawarma Wrap,15,5.3
Eggplant,15,6.0
Mutton Biryani,50,45.0
Zucchini,0,13.7
Cauliflower,15,5.3
Manakish,55,26.3
Chicken Curry,0,10.0
Arayes,15,6.3
Steamed Broccoli,15,4.6
Zucchini Noodles,15,3.1
Upma,0,0.0
Cabbage,15,6.0
Flaxseeds,0,4.5
Vegetable Soup,10,45.0
Veg Cutlet,50,55.0
Tomato,15,3.9
Peanuts,14,16.1
Miso Soup,35,3.9
Kiwi,75,40.0
Zucchini,0,13.7
Kunafa,32,14.0
Cauliflower,15,5.0
Zucchini,15,3.1
Brown Rice,50,39.9
Pears,55,25.0
Celery,15,1.2
Zucchini,15,3.1
Za'atar Manakish,65,50.0
Vada Pav,83,40.0
Masoor Dal,24,1.5
Blueberries,59,18.0
Almonds,0,0.0
Artichokes,10,10.0
Samboosa,15,11.7
Chicken Korma,0,12.0
Cod,0,0.0
Turkey Breast,0,8.5
Banana,50,10.0
Fatayer,0,2.0
Avocado,10,0.7
Pav,65,50.0
Turkey Breast,0,0.0
Gulab Jamun,65,45.0
Laban,4,45.0
Pav,65,50.0
Lean Beef,0,0.0
Lentils,29,63.4
Miso Soup,35,5.8
Sweet Potato,70,20.0
Blueberries,53,18.0
Arayes,50,20.0
Kadai Paneer,14,4.1
Quinoa Pasta,39,14.0
Kheer,65,30.0
Greek Salad,45,21.1
Vegetable Curry,35,25.0
Quinoa Salad,53,20.0
Radish,50,15.0
Strawberries,40,7.7
Chicken Biryani,50,45.0
Puliyogare,24,3.9
Mango Pickle,35,30.0
Asparagus,39,14.0
Cucumber,15,3.6
Butter Chicken,0,10.0
Salmon,0,0.0
Eggplant,15,6.0
Chicken Soup,0,4.0
Rice,15,11.2
Caprese Salad,15,30.0
Brown Lentils,32,60.0
Berries (mixed),40,9.6
Brussels Sprouts,40,5.8
Salmon,0,13.7
Baba Ganoush,55,45.0
Tandoori Roti,24,27.0
Tomato Soup,0,21.7
Quinoa,53,21.3
Mujadara,45,30.0
Cottage Cheese,10,3.4
Kibbeh,10,6.6
Masoor Dal,30,33.1
Spinach,15,3.6
Blueberries,53,14.0
Brown Lentils,32,60.0
Bhindi Masala,15,10.0
Asparagus,39,14.0
Paneer Butter Masala,65,20.0
Blueberries,59,18.0
Chana Masala,42,59.7
Samboosa,83,25.0
Harira Soup,40,15.4
Barley,20,15.0
Eggs,40,30.2
Zucchini Noodles,15,6.0
Kidney Beans,24,60.1
Kunafa,32,3.2
Labneh,0,15.0
Pav,65,52.0
Pani Puri,89,48.0
Caesar Salad,49,35.0
Brown Rice,50,30.0
Kidney Beans,53,15.0
Cucumber,15,3.6
Peanuts,14,16.1
Papdi Chaat,37,15.4
Chole Bhature,83,50.0
Mango Pickle,55,26.3
Mujadara,35,25.0
Lean Beef,0,0.0
Kabsa,20,35.0
Stir-Fried Tofu,55,40.0
Apple,95,40.0
Gobi Manchurian,55,49.9
Green Beans,15,7.1
Tomatoes,15,4.0
Mansaf,65,59.7
Spinach,15,3.6
Peanuts,14,16.1
Quinoa,53,21.3
Rasgulla,93,23.6
Cauliflower,15,5.3
Kadai Paneer,15,10.2
Olive Oil,0,0.0
Shahi Paneer,20,12.0
Chicken Kebab,30,35.0
Vegetable Curry,0,0.0
Turkey Breast,0,0.0
Lean Beef,0,0.0
Shrimp Stir-Fry,15,11.2
Salmon,0,13.7
Shish Taouk,0,0.0
Grilled Salmon,0,0.0
Kale,15,9.0
Turkey Breast,0,0.0
Apple,39,14.0
Lentils,32,44.8
Green Tea,0,1.0
Berries (mixed),40,9.6
Pani Puri,85,20.0
Lamb Kabsa,0,44.4
Tomato,15,7.1
Chia Seed Oil,50,45.0
Aloo Tikki,0,0.0
Kabsa,20,15.0
Pani Puri,85,30.0
Chicken Tikka Masala,20,20.0
Berries (Mixed),40,40.0
Bell Peppers,15,6.3
Rasgulla,93,45.0
Apple,39,12.0
Tuna,0,0.0
Olive Oil,0,0.0
Chole Bhature,50,55.0
Rajma Masala,27,38.0
Dosa,50,25.0
Celery,15,3.5
Rajasthani Dal,30,33.1
Mutton Biryani,50,50.0
Pork Tenderloin,0,0.0
Avocado,15,9.0
Quinoa Salad,53,20.4
Upma,10,10.0
Mushrooms,35,30.0
Blueberries,53,14.5
Brown Lentils,32,59.7
Chole Bhature,83,55.0
Dosa,64,30.0
Tuna,0,0.0
Zucchini,0,21.7
Peanuts,14,16.1
Tandoori Roti,24,25.0
Quinoa Pasta,39,10.0
Pani Puri,85,35.2
Celery,15,3.5
Lean Beef,0,0.0
Cabbage,10,5.8
Mansaf,65,45.0
Lettuce,15,1.0
Lentils,32,20.0
Asparagus,15,3.7
Aloo Tikki,40,5.8
Lentils,32,61.6
Tomato Soup,24,15.0
Quinoa Pasta,40,10.0
Oranges,40,9.6
Mango Lassi,40,15.3
Spinach Salad,37,15.4
Strawberries,40,7.7
Gulab Jamun,65,52.0
Orange,55,20.4
Chapati,20,1.5
Stir-Fried Tofu,55,40.0
Brown Bread,89,38.0
Kidney Beans,53,15.0
Gobi Manchurian,65,32.0
Lean Beef,0,0.0
Chapati,28,25.0
Rajma Chawal,55,13.0
Medu Vada,0,12.0
Papdi Chaat,65,52.0
Orange,40,15.4
Watermelon,75,8.0
Black Beans,30,62.4
Lettuce,0,0.0
Chicken Tikka,20,15.0
Cottage Cheese,10,2.6
Brown Rice,50,39.9
Lentil Soup,44,20.4
Whole Wheat Pasta,37,25.7
Flaxseeds,0,0.0
Lean Beef,0,0.0
Pineapple,66,13.0
Blueberries,53,14.5
Brown Bread,89,40.0
Vegetable Curry,35,5.8
Quinoa Pasta,53,21.3
Blueberries,53,14.5
Lentils,32,45.8
Chicken Tikka,20,35.0
Za'atar Manakish,55,25.0
Aloo Gobi,24,30.0
Quinoa Pasta,53,25.0
Quinoa Pasta,39,10.0
Samosa,89,19.7
Broccoli,10,11.2
Shakshuka,0,0.0
Rajasthani Dal,0,12.0
Quinoa,53,21.3
Sweet Potato,70,20.0
Eggs,0,0.6
Matar Paneer,20,15.0
Chicken 65,0,0.0
Orange,65,20.0
Avocado,0,0.0
Baingan Bharta,15,10.9
Oats,55,66.0
Kadai Paneer,14,4.1
Tomato Soup,75,50.0
Lentils,32,63.4
Brown Rice,15,5.3
Broccoli,15,11.0
Malai Kofta,85,45.0
Vada Pav,83,45.0
Salmon,0,0.0
Lassi,24,3.9
Kidney Beans,24,25.0
Broccoli,15,11.7
Sambousek,45,33.1
Mansaf,65,17.0
Cabbage,10,5.8
Kidney Beans,53,15.0
Paneer Tikka,20,15.0
Chole Bhature,83,40.0
Asparagus,39,12.0
Vegetable Soup,70,50.0
Barley,15,10.5
Quinoa,53,65.7
Vegetable Curry,0,5.0
Celery,15,3.8
Mutton Biryani,50,40.0
Chicken Curry,0,10.0
Greek Yogurt,11,3.6
Brown Rice,15,5.3
Blueberries,53,14.0
Lamb Kabsa,50,30.0
Tomato Soup,0,4.0
Kidney Beans,24,63.0
Tomatoes,15,3.4
Chicken Curry,0,10.0
Ginger,68,32.0
Rajasthani Dal,37,27.0
Banana,40,5.8
Matar Paneer,0,0.0
Avocado,15,9.0
Greek Yogurt,11,3.6
Lean Beef,0,0.0
Zucchini,15,3.1
Brown Bread,89,25.0
Cucumber,15,3.6
Black Beans,30,44.3
Chole Bhature,50,45.0
Spinach,15,3.6
Aloo Gobi,24,20.0
Fish Curry,0,10.0
Cauliflower,15,5.3
Bhindi Masala,20,9.0
Baingan Bharta,15,10.9
Rajma Chawal,55,13.0
Chicken Biryani,50,45.0
Cabbage Soup,70,40.0
Celery,15,1.2
Rajma Chawal,27,55.0
Pani Puri,85,20.0
Cod,45,40.0
Lentils,32,20.0
Watermelon,71,7.6
Chia Seeds,0,0.0
Mango Pickle,55,35.0
Avocado,0,0.0
Brown Rice,15,5.3
Kabsa,20,20.0
Black Beans,30,62.4
Oats,55,66.0
Vegetable Curry,0,3.6
Eggplant,15,6.0
Quorn,0,4.5
Kidney Beans,53,15.0
Spinach,0,3.6
Berries (mixed),40,10.6
Quinoa Pasta,71,46.0
Chia Seeds,0,10.0
Greek Yogurt,11,3.6
Lean Beef,0,0.0
Cabbage,10,5.8
Avocado,15,9.0
Quinoa Pasta,71,40.0
Walnuts,15,13.7
Shrimp,10,7.2
Palak Paneer,15,6.0
Malai Kofta,24,55.0
Flaxseeds,0,0.0
Rava Idli,55,35.0
Fattoush,30,35.0
Shahi Paneer,0,4.0
Lamb Kabsa,0,28.9
Orange,70,46.0
Brown Rice,50,77.5
Chole Bhature,50,45.0
Chia Seed Oil,50,30.0
Tomato,37,15.4
Almonds,0,21.6
Avocado,10,8.5
Brown Rice,50,45.8
Palak Paneer,15,6.0
Almond Butter,0,0.0
Oats,55,66.0
Split Pea Soup,37,15.0
Turkey Breast,0,0.0
Brown Bread,89,30.0
Chicken Salad,10,6.0
Lassi,85,32.0
Quinoa Salad,53,21.1
Apple,35,9.0
Salmon,0,0.0
Grilled Chicken,0,0.0
Gobi Manchurian,55,30.0
Chicken Korma,0,5.0
Tandoori Chicken,0,5.0
Walnuts,0,0.0
Peanuts,12,16.1
Chapati,15,6.1
Spinach Salad,37,27.0
Whole Wheat Pasta,37,25.7
Brown Rice,50,45.8
Fish Curry,0,12.3
Lamb Ouzi,50,15.0
Palak Paneer,0,10.0
Coconut Milk,40,30.0
Sweet Potato,70,23.0
Quinoa Pasta,39,14.0
Brown Rice,68,13.1
Mutton Biryani,50,45.0
Rajma Chawal,25,28.9
Chicken Biryani,50,45.0
Cauliflower,15,5.0
Turkey Chili,55,23.6
Brown Rice,15,5.3
Quinoa,53,21.3
Seaweed,35,30.0
Watermelon,71,7.6
Quinoa,53,21.3
Maamoul,10,15.0
Greek Salad,64,30.0
Pineapple,66,13.0
Mansaf,40,45.0
Blueberries,59,18.0
Kadai Paneer,14,5.0
Celery,15,3.5
Quorn,0,0.0
Chicken Biryani,50,45.0
Chicken Shawarma,10,20.0
Peanuts,12,16.1
Quinoa,53,21.3
Whole Wheat Bread,68,49.9
Quinoa Salad,53,35.2
Lean Beef,0,0.0
Manakish,45,45.0
Grilled Salmon,40,15.0
Fatayer,30,35.0
Avocado,15,9.0
Blueberries,46,61.5
Tomato,37,10.0
Chicken Biryani,50,45.0
Chicken Kebab,30,35.0
Sambousek,83,19.7
Cauliflower,15,5.3
Lemon Rice,50,30.0
Oats,55,66.0
Strawberries,40,7.0
Watermelon,75,7.6
Gajar Halwa,85,32.0
Matar Paneer,20,15.0
Mansaf,40,20.0
Greek Yogurt,11,3.6
Kiwi,75,40.0
Kidney Beans,24,22.8
Strawberries,40,7.7
Pork Tenderloin,0,0.0
Sweet Potato,70,21.0
Brown Rice,15,5.3
Cauliflower,15,5.3
Arayes,15,2.4
Chia Seed Oil,85,20.0
Apple,39,14.0
Zucchini,0,13.7
Muhallabia,35,30.0
Vegetable Curry,0,12.0
Fish Curry,0,10.0
Oats,55,26.3
Mutton Curry,15,25.0
Avocado Oil,10,10.0
Quinoa,53,21.3
Lamb Shawarma,20,30.0
Upma,55,30.0
Green Beans,15,6.6
Gobi Manchurian,65,52.0
Cottage Cheese,10,2.6
Palak Paneer,20,15.0
Blueberries,53,14.5
Gulab Jamun,65,32.0
Cabbage,15,6.0
Za'atar Manakish,85,32.0
Oats,55,66.0
Puliyogare,24,20.0
Spinach,0,3.6
Lamb Kabsa,50,30.0
Peanuts,12,16.1
Mango Pickle,0,0.0
Walnuts,0,28.9
Quorn,0,0.0
Zucchini,0,10.0
Pav,65,45.0
Brown Rice,15,5.3
Eggs,0,0.6
Flaxseed Oil,0,5.0
Celery,15,3.5
Lassi,0,15.0
Broccoli,15,11.2
Flaxseed Oil,0,12.0
Rava Idli,65,20.0
Oats,55,66.0
Samosa,89,15.0
Mango Chutney,50,15.0
Lamb,0,10.0
Lean Beef,0,0.0
Pani Puri,85,15.0
Watermelon,75,7.6
Cottage Cheese,10,2.6
Pani Puri,89,48.0
Rasgulla,93,40.9
Salmon,0,0.0
Masoor Dal,24,1.5
Celery,15,3.5
Aloo Gobi,24,15.0
Kheer,65,30.0
Palak Paneer,0,0.0
Bhindi Masala,15,7.0
Kabsa,20,15.0
Rasam,24,3.9
Caesar Salad,49,23.6
Chicken Soup,0,5.0
Tofu,24,3.9
Tuna,0,0.0
Shrimp Stir-Fry,83,29.0
Lean Beef,0,0.0
Chicken Biryani,50,45.0
Chia Seed Oil,85,32.0
Labneh Manakish,4,45.0
Bell Peppers,15,4.6
Masoor Dal,24,1.5
Vegetable Biryani,24,30.2
Stir-Fried Tofu,55,40.0
Pani Puri,89,48.0
Vada Pav,65,45.0
Masoor Dal,30,20.0
Matar Paneer,20,15.0
Vada Pav,83,45.0
Arayes,15,5.3
Avocado,0,0.0
Fatayer,0,2.0
Zucchini,15,3.1
Vada Pav,65,52.0
Oats,55,66.0
Black Beans,30,44.3
Celery,15,1.2
Salmon,0,8.8
Vegetable Pulao,60,45.0
Eggs,0,0.6
Bell Peppers,15,3.9
Kale,0,0.0
Oats,55,66.0
Foul Sandwich,0,12.0
Blueberries,53,14.5
Fish Curry,0,10.0
Vada Pav,65,40.0
Coconut Oil,0,15.0
Fattoush,0,10.0
Fatayer,0,10.0
Pav,65,20.0
Kidney Beans,53,14.7
Pav,65,35.0
Steamed Broccoli,15,4.6
Kofta,4,45.0
Steamed Vegetables,0,0.0
Tuna Salad,0,2.0
Barley,59,14.0
Chia Seeds,0,44.4
Coconut Milk,40,45.0
Quinoa Pasta,53,21.3
Quorn,0,0.0
Sambousek,45,33.1
Spinach,15,3.6
Sweet Potato,70,21.0
Cabbage,10,5.8
Malai Paneer,70,25.0
Olive Oil,0,0.0
Kabsa,50,30.0
Quinoa,53,21.3
Eggplant Parmesan,50,23.0
Orange,55,30.0
Turkey Breast,0,0.0
Tandoori Chicken,0,4.0
Coconut Milk,40,45.0
Eggplant,15,6.0
Lamb,0,0.0
Barley,28,30.0
Paneer Butter Masala,55,40.0
Zucchini,15,3.1
Cauliflower,15,5.3
Mango Pickle,35,15.0
Lettuce,15,1.0
Vada Pav,65,52.0
Vegetable Curry,0,0.0
Kidney Beans,53,15.0
Garlic,30,33.1
Chicken Korma,0,5.0
Spinach,10,45.0
Pani Puri,89,48.0
Almond Milk,24,1.5
Almonds,0,0.0
Blueberries,46,61.5
Almonds,0,0.0
Onions,10,9.0
Peanuts,12,16.1
Avocado,0,8.5
Apple,39,14.0
Lettuce,0,21.6
Manakish,50,8.0
Mutton Curry,72,26.0
Lamb Shawarma,20,40.0
Strawberries,40,7.7
Shawarma Wrap,0,5.0
Coconut Milk,40,6.6
Apple,39,12.0
Samboosa,45,33.1
Mujadara,35,30.0
Coconut Chutney,35,20.0
Brown Bread,89,15.0
Chicken Tikka,45,6.6
Brown Lentils,32,60.0
Lamb Ouzi,40,30.0
Mushrooms,35,12.0
Mango Lassi,35,15.0
Kofta,4,6.0
Tomato Soup,45,40.0
Shish Taouk,15,2.4
Watermelon,71,7.6
Veggie Burger,85,38.0
Chicken Biryani,50,45.0
Paneer Butter Masala,55,40.0
Chia Seeds,0,4.5
Turkey Breast,0,0.0
Samosa,89,35.0
Chia Seeds,0,28.9
Vegetable Curry,35,5.8
Mango Pickle,55,10.0
Cabbage,15,6.0
Olive Oil,0,0.0
Pani Puri,89,48.0
Tandoori Roti,0,19.2
Bell Peppers,15,7.0
Whole Wheat Pasta,37,25.7
Grilled Chicken,0,0.0
Pav,15,9.0
Shrimp Stir-Fry,45,35.0
Mutton Curry,0,0.0
Celery,15,1.2
Lean Beef,0,0.0
Asparagus,15,3.7
Zucchini,0,0.0
Kale,0,0.0
Brown Lentils,32,60.0
Quinoa Pasta,71,40.0
Cucumber,15,3.6
Stir-Fried Tofu,65,23.0
Tomatoes,15,4.0
Peanuts,12,16.1
Greek Salad,45,20.0
Spinach,15,3.6
Kheer,65,30.0
Dosa,50,28.9
Lettuce,0,0.0
Fatayer,24,30.0
Walnuts,0,19.2
Chia Seeds,0,28.9
Whole Wheat Bread,68,40.0
Mango Pickle,40,15.0
Chicken Curry,0,0.0
Mango Lassi,55,35.0
Lean Beef,0,0.0
Quinoa Pasta,40,16.0
Almond Butter,15,11.2
Blueberries,59,18.0
Lassi,30,27.0
Eggplant,15,6.0
Peanuts,12,16.1
Cabbage,10,5.8
Blueberries,46,18.0
Watermelon,71,8.0
Shawarma Wrap,89,40.0
Samosa,89,32.0
Pakora,0,0.0
Laban,0,8.0
Avocado,15,9.0
Rasam,24,30.0
Kale,15,8.8
Cauliflower,15,5.3
Lentil Soup,35,3.2
Chia Seeds,0,4.5
Chicken Curry,0,0.0
Tandoori Roti,0,0.0
Fattoush,0,0.7
Chicken Curry,0,10.0
Orange,40,16.0
Flaxseeds,0,4.5
Aloo Gobi,34,10.0
Kabsa,50,17.9
Turkey Chili,65,45.0
Orange,65,40.0
Asparagus,15,3.7
Shish Taouk,15,10.0
Blueberries,46,65.7
Chana Masala,42,35.0
Avocado Oil,0,0.0
Zucchini,0,9.0
Kiwi,75,40.0
Cottage Cheese,10,2.6
Brown Bread,89,25.0
Sambousek,45,35.0
Asparagus,15,3.7
Kadai Paneer,15,8.0
Lean Beef,0,0.0
Zucchini,0,8.8
Rajasthani Dal,37,15.4
Turkey Breast,0,8.5
Chicken Korma,0,10.0
Masoor Dal,24,1.5
Cabbage Soup,15,2.4
Lean Beef,0,0.0
Stir-Fried Tofu,15,11.2
Quinoa,53,21.3
Pork Tenderloin,0,0.0
Olive Oil,0,0.0
Mujadara,24,20.0
Rajma Chawal,25,25.0
Quorn,0,44.4
Matar Paneer,35,20.0
Palak Paneer,15,6.0
Rasam,0,2.0
Kachori,30,20.0
Salmon,0,28.9
Spinach,0,3.6
Celery,15,1.2
Chicken Korma,0,10.0
Kheer,65,20.0
Eggs,40,35.0
Rajma Chawal,25,25.0
Salmon,0,0.0
Bell Peppers,15,6.0
Chicken Biryani,50,45.0
Almond Butter,0,12.0
Vada Pav,83,45.0
Rava Idli,75,20.0
Salmon,0,0.0
Walnuts,0,20.0
Samboosa,83,20.0
Za'atar Manakish,70,40.0
Oats,55,66.0
Broccoli,15,11.2
Garlic,30,30.0
Hummus,85,10.0
Vegetable Soup,50,50.0
Kibbeh,30,15.0
Za'atar Manakish,0,3.6
Oats,55,65.9
Upma,55,30.0
Almonds,0,0.0
Peanuts,12,16.1
Mansaf,65,59.7
Rajma Chawal,27,55.0
Maamoul,72,20.0
Samboosa,83,20.0
Zucchini,15,3.1
Rasam,0,20.0
Brown Rice,68,13.0
Barley,15,6.6
Pork Tenderloin,0,0.0
Lamb,0,10.0
Cauliflower,15,5.3
Asparagus,15,3.7
Lentil Soup,35,3.9
Kale,15,8.8
Chicken Shawarma,0,3.6
Barley,0,0.0
Rajma Chawal,55,40.0
Pakora,30,8.0
Gulab Jamun,70,40.0
Blueberries,46,65.7
Spinach,28,20.0
Broccoli,10,11.2
Cabbage,10,5.8
Apple,39,14.0
Samosa,89,35.0
Vegetable Curry,35,5.8
Kale,0,0.0
Chicken Biryani,50,45.0
Kidney Beans,53,15.0
Lentils,32,61.6
Shish Taouk,0,0.0
Labneh,4,45.0
Chapati,59,15.0
Chicken Biryani,50,45.0
Pani Puri,89,30.0
Labneh Manakish,4,6.0
Tandoori Chicken,0,4.0
Barley,15,7.0
Grilled Chicken,40,25.0
Pani Puri,85,20.0
Pork Tenderloin,0,0.0
Zucchini,0,8.8
Cauliflower,15,5.3
Shakshuka,15,3.9
Broccoli,10,11.2
Chicken Soup,10,20.0
Rajma Masala,27,15.0
Eggplant,15,6.0
Fish Fry,0,0.7
Gulab Jamun,65,45.0
Cucumber,15,3.6
Lemon Rice,20,30.0
Quinoa,53,21.3
Kidney Beans,53,15.0
Labneh,4,6.0
Lettuce,10,1.0
Mutton Rogan Josh,0,12.0
Lassi,0,15.0
Malai Kofta,24,20.0
Oats,55,66.0
Brown Lentils,32,60.0
Turkey Chili,37,3.9
Gobi Manchurian,65,20.0
Paneer Butter Masala,55,40.0
Cabbage,10,6.0
Kheer,65,25.0
Quinoa Pasta,53,25.0
Rasgulla,65,30.0
Paneer Butter Masala,65,40.0
Broccoli,10,11.2
Vegetable Curry,0,3.0
Barley,59,45.0
Hummus,9,15.0
Green Beans,15,7.1
Orange,40,15.4
Cottage Cheese,10,2.6
Quinoa Pasta,53,25.0
Green Tea,0,1.0
Dosa,50,45.0
Brown Bread,89,30.0
Apple,39,10.0
Aloo Gobi,24,30.0
Mutton Curry,49,25.0
Baingan Bharta,15,9.0
Broccoli,15,11.2
Lean Beef,0,0.0
Bell Peppers,15,3.4
Walnuts,0,8.5
Brown Rice,15,5.3
Eggplant Parmesan,50,20.0
Whole Wheat Pasta,37,25.7
Turkey Breast,0,0.0
Mushroom Curry,15,27.0
Quinoa Pasta,71,46.0
Apple,39,14.0
Lentils,29,20.0
Zucchini Noodles,15,3.1
Oranges,40,15.0
Caprese Salad,10,5.9
Palak Paneer,15,6.0
Celery,15,1.2
Berries (mixed),40,9.6
Olive Oil,0,28.9
Pakora,24,15.0
Strawberries,40,7.7
Tuna Salad,10,8.5
Mutton Biryani,50,50.0
Watermelon,71,7.6
Chicken Curry,0,8.0
Pears,65,40.0
Lean Beef,0,0.0
Chia Seeds,0,44.4
Chia Seeds,0,0.0
Kachori,24,15.0
Lemon Rice,40,15.0
Olive Oil,0,0.0
Brown Rice,15,5.3
Fatayer,30,35.0
Dosa,64,30.0
Spinach,0,3.6
Lentils,32,39.9
Bhindi Masala,20,35.0
Butter Naan,15,6.0
Lamb,0,28.9
Quorn,0,0.0
Kidney Beans,24,60.1
Kiwi,75,40.0
Coconut Milk,40,25.0
Mutton Rogan Josh,0,0.0
Cucumber,15,3.6
Kheer,65,20.0
Oats,55,65.9
Foul Sandwich,0,0.0
Cucumber,15,3.6
Broccoli,15,11.2
Brown Rice,50,45.8
Avocado,15,9.0
Tomato,37,15.0
Tomato,15,3.9
Chana Masala,42,25.0
Gobi Manchurian,55,40.0
Masoor Dal,24,1.5
Salmon,0,21.7
Almonds,0,0.0
Cabbage,15,6.0
Rice,55,35.0
Vada Pav,83,40.0
Chia Seeds,0,4.5
Kale,0,0.0
Mutton Curry,49,10.0
Olive Oil,0,0.0
Mango Chutney,45,21.3
Pineapple,66,13.0
Chicken Korma,0,10.0
Broccoli,10,11.2
Apple,70,40.0
Fish Curry,0,8.0
Vegetable Biryani,24,15.0
Mango Pickle,35,30.0
Blueberries,59,18.0
Bhindi Masala,15,6.6
Chicken 65,85,20.0
Paneer Tikka,20,9.0
Samosa,89,32.0
Kale,15,8.8
Orange,40,15.4
Spinach,28,20.0
Bhindi Masala,20,12.0
Strawberries,40,7.0
Kachori,0,10.0
Kibbeh,15,15.0
Kachori,30,15.0
Quinoa,53,21.3
Dosa,50,35.0
Salmon,0,21.6
Lettuce,0,0.0
Chana Masala,42,35.0
Spinach Salad,37,21.7
Apple,39,10.0
Orange,70,11.0
Coconut Chutney,10,16.1
Fish Curry,0,10.0
Lamb,0,44.4
Brown Rice,50,45.8
Fattoush,0,0.7
Laban,0,8.0
Pani Puri,85,15.0
Rice,65,30.0
Quinoa Pasta,39,14.0
Walnuts,15,13.7
Cauliflower,15,5.3
Lettuce,15,1.0
Berries (mixed),40,10.6
Pongal,65,50.0
Orange,40,15.4
Strawberries,40,7.0
Whole Wheat Bread,68,40.0
Asparagus,39,14.0
Ginger,10,15.0
Whole Wheat Bread,68,40.0
Coconut Chutney,0,0.0
Baba Ganoush,15,10.5
Asparagus,15,3.7
Chole Bhature,83,40.0
Shawarma Wrap,15,10.0
Shawarma,89,23.0
Aloo Tikki,85,8.0
Peanuts,12,16.1
Baingan Bharta,24,15.0
Grilled Chicken,0,0.0
Oranges,40,15.4
Salmon,0,19.2
Eggplant,15,6.0
Orange,40,15.4
Garlic,30,30.0
Black Beans,30,44.3
Greek Yogurt,11,3.6
Chicken Curry,0,0.0
Coconut Milk,40,20.0
Whole Wheat Pasta,37,25.7
Chicken Biryani,50,45.0
Labneh,4,12.0
Grilled Salmon,0,0.0
Vegetable Pulao,60,50.0
Chole Bhature,50,55.0
Cottage Cheese,10,3.4
Flaxseed Oil,40,60.0
Fish Fry,30,35.0
Tabbouleh,24,20.0
Shrimp Stir-Fry,45,25.0
Harira Soup,0,0.0
Za'atar Manakish,37,5.8
Lean Beef,0,0.0
Shahi Paneer,20,35.0
Pork Tenderloin,0,0.0
Chicken Tikka,0,0.7
Chicken Salad,10,6.0
Shish Taouk,20,45.0
Lettuce,0,8.8
Quorn,0,44.4
Labneh Manakish,0,10.0
Fish Fry,30,30.0
Cottage Cheese,10,2.6
Cauliflower,15,5.0
Chicken 65,85,20.0
Tuna,0,0.0
Mango,45,45.0
Lassi,30,10.0
Lamb Ouzi,50,40.0
Lamb,0,0.0
Salmon,0,13.7
Mutton Biryani,50,40.0
Malai Paneer,70,14.0
Samboosa,45,10.0
Split Pea Soup,37,3.9
Bhindi Masala,15,3.9
Quinoa Salad,53,20.4
Cabbage,15,6.0
Cottage Cheese,10,2.6
Arayes,15,6.6
Greek Yogurt,11,3.6
Strawberries,40,7.0
Chicken Biryani,50,45.0
Mutton Curry,10,6.6
Baingan Bharta,24,30.2
Whole Wheat Pasta,37,25.7
Asparagus,39,14.0
Walnuts,0,13.7
Greek Salad,64,25.0
Aloo Gobi,24,30.2
Gajar Halwa,70,19.7
Oats,55,66.0
Spinach Salad,0,12.0
Lentil Soup,35,10.0
Tomato Soup,0,0.0
Arayes,15,4.6
Walnuts,0,21.7
Almond Butter,45,6.6
Vegetable Soup,50,55.0
Flaxseeds,0,10.0
Chicken Curry,0,21.6
Avocado,15,9.0
Rajma Masala,27,45.0
Black Beans,30,44.3
Mango Pickle,35,55.0
Mango Pickle,0,0.0
Barley,15,10.5
Asparagus,39,14.0
Aloo Tikki,85,21.0
Kadai Paneer,15,10.2
Brown Lentils,32,59.7
Salmon,0,0.0
Lentils,32,20.0
Oranges,45,11.0
Caesar Salad,70,40.0
Pineapple,59,40.0
Brown Rice,15,5.3
Medu Vada,70,10.0
Flaxseeds,50,10.0
Chole Bhature,50,77.5
Pineapple,66,13.0
Bell Peppers,15,5.3
Mansaf,40,20.0
Zucchini,15,3.1
Pakora,0,4.0
Brown Rice,15,5.3
Upma,55,49.9
Foul Sandwich,0,12.0
Pani Puri,89,48.0
Oats,55,66.0
Rajasthani Dal,75,20.0
Lean Beef,0,0.0
Onions,10,9.0
Ginger,10,5.9
Lentils,32,20.0
Walnuts,15,13.7
Broccoli,15,11.2
Almonds,0,13.7
Cauliflower,15,5.3
Banana,0,0.0
Tandoori Roti,24,15.0
Lentils,32,39.9
Onions,10,9.0
Kidney Beans,24,55.0
Seaweed,35,10.0
Arayes,50,20.0
Turkey Breast,0,8.5
Masoor Dal,30,33.1
Butter Chicken,0,10.0
Orange,40,15.4
Apple,39,10.0
Mutton Curry,10,15.0
Eggplant,15,6.0
Aloo Gobi,24,3.9
Almond Milk,24,1.5
Vegetable Curry,0,0.0
Pineapple,59,55.0
Vegetable Soup,55,40.0
Lettuce,15,1.2
Mansaf,65,45.0
Green Tea,0,10.0
Strawberries,40,7.0
Shahi Tukda,55,40.9
Green Beans,15,7.0
Quinoa Pasta,39,14.0
Kadai Paneer,15,8.0
Lean Beef,0,0.0
Broccoli,15,17.8
Asparagus,39,12.0
Vegetable Curry,0,2.0
Caesar Salad,15,6.1
Chia Seeds,0,0.0
Tandoori Chicken,0,2.0
Peanuts,12,16.1
Chole Bhature,83,55.0
Lettuce,15,1.2
Orange,70,20.0
Pear,15,45.0
Kale,15,8.8
Lamb Shawarma,40,30.0
Blueberries,53,14.5
Dosa,50,21.3
Salmon,0,28.9
Cauliflower,15,5.3
Berries (mixed),40,9.0
Tofu,37,10.0
Eggs,0,0.6
Ginger,10,15.0
Caprese Salad,15,10.5
Pani Puri,85,35.2
Shish Taouk,20,25.0
Chia Seeds,0,0.0
Turkey Breast,0,8.5
Almonds,0,0.0
Gobi Manchurian,65,59.7
Strawberries,40,7.7
Miso Soup,35,30.0
Broccoli,10,11.2
Kidney Beans,53,14.7
Chicken 65,0,0.0
Onions,10,9.0
Grilled Salmon,40,15.4
Cabbage Soup,15,5.3
Sweet Potato,70,23.0
Pani Puri,89,48.0
Turkey Chili,37,15.0
Broccoli,15,11.2
Broccoli,15,17.8
Turkey Breast,0,0.0
Green Beans,15,6.3
Kale,15,8.8
Rasgulla,93,15.0
Lamb,0,10.0
Shrimp Stir-Fry,15,10.0
Lassi,0,15.0
Lettuce,15,1.2
Lassi,24,20.0
Rice,55,40.0
Pineapple,59,40.0
Malai Paneer,70,10.0
Shahi Paneer,15,6.1
Dosa,50,25.0
Spinach,0,3.6
Apple,39,12.0
Zucchini,15,3.1
Salmon,0,0.0
Cottage Cheese,10,2.6
Medu Vada,70,25.0
Lamb Kabsa,0,15.0
Broccoli,15,11.0
Lassi,24,3.9
Kheer,85,18.0
Pani Puri,89,40.0
Mansaf,40,5.5
Masoor Dal,30,25.0
Chicken Biryani,50,45.0
Apple,39,14.0
Lentil Soup,44,20.4
Stir-Fried Tofu,75,20.0
Fish Fry,30,35.0
Mushrooms,10,6.0
Eggplant,15,6.0
Turkey Breast,0,0.0
Gulab Jamun,70,14.0
Lettuce,0,0.0
Strawberries,40,7.0
Oats,55,66.0
Chicken 65,85,21.0
Caprese Salad,15,13.7
Medu Vada,70,29.0
Matar Paneer,20,20.0
Mutton Curry,0,0.0
Watermelon,75,8.0
Avocado,15,9.0
Lettuce,15,1.0
Chole Bhature,50,77.5
Dosa,50,21.3
Berries (mixed),40,10.6
Stir-Fried Tofu,15,11.2
Spinach Salad,37,15.3
Whole Wheat Pasta,37,25.7
Rajasthani Dal,45,40.0
Kale,0,0.0
Oranges,40,9.0
Fatayer,0,0.7
Chicken Curry,0,9.0
Bhindi Masala,15,3.9
Malai Paneer,70,10.0
Apple,95,40.9
Fatayer,0,0.7
Tuna Salad,20,20.0
Garlic,30,30.0
Apple,39,14.0
Broccoli,15,11.2
Cabbage,15,6.0
Stir-Fried Tofu,15,4.6
Miso Soup,35,30.0
Quinoa,53,21.3
Chole Bhature,50,55.0
Split Pea Soup,37,15.0
Walnuts,0,0.0
Lassi,0,10.0
Avocado,15,9.0
Broccoli,15,11.2
Eggplant,15,6.0
Matar Paneer,20,15.0
Brown Rice,50,44.8
Mushroom Curry,0,0.0
Oranges,40,9.6
Watermelon,71,7.6
Chana Masala,42,35.0
Lean Beef,0,0.0
Cauliflower,15,5.3
Chicken Biryani,50,45.0
Lamb Ouzi,20,30.0
Rajma Chawal,27,15.0
Spinach,10,45.0
Samosa,89,32.0
Olive Oil,0,0.0
Quorn,0,0.0
Chole Bhature,83,50.0
Kidney Beans,24,55.0
Cucumber,15,3.6
Quorn,0,20.0
Lamb Kabsa,50,30.0
Chole Bhature,83,55.0
Turkey Breast,0,8.5
Brown Rice,15,5.3
Mujadara,35,30.0
Chicken Korma,0,12.0
Fatayer,24,25.0
Mutton Biryani,50,40.0
Flaxseeds,0,44.4
Quorn,0,0.0
Mansaf,40,20.0
Mansaf,65,32.0
Lean Beef,0,0.0
Lentil Soup,35,20.0
Oranges,45,9.6
Onions,10,9.0
Vegetable Biryani,46,25.0
Ginger,49,30.0
Black Beans,30,62.4
Whole Wheat Bread,68,49.9
Mushrooms,10,3.3
Bhindi Masala,15,5.3
Asparagus,39,14.0
Quinoa,53,21.3
Coconut Oil,10,16.1
Spinach,15,3.6
Cucumber,15,3.6
Tomatoes,15,4.0
Split Pea Soup,0,5.0
Peanuts,12,16.1
Oats,55,71.7
Whole Wheat Pasta,37,25.7
Eggplant,15,6.0
Dahi Vada,50,30.0
Shahi Tukda,37,15.0
Turkey Breast,0,0.0
Chicken Tikka Masala,45,20.0
Quinoa Pasta,53,21.3
Masoor Dal,30,30.0
Vegetable Biryani,46,25.0
Pork Tenderloin,0,0.0
Apple,70,14.0
Kale,15,8.8
Stir-Fried Tofu,15,10.0
Barley,15,6.3
Gulab Jamun,70,40.0
Gobi Manchurian,65,32.0
Lamb,0,10.0
Quinoa Pasta,39,12.0
Lettuce,15,1.0
Chicken Curry,0,0.0
Brown Lentils,32,59.7
Cabbage,10,5.8
Mujadara,45,30.0
Oranges,40,16.0
Mushrooms,10,15.0
Foul Sandwich,0,2.2
Lamb Kabsa,50,15.0
Chicken 65,85,20.0
Chia Seeds,0,0.0
Oats,55,71.7
Fatayer,0,0.7
Walnuts,0,0.0
Cabbage,10,5.8
Palak Paneer,20,55.0
Lentils,32,20.0
Zucchini,15,3.1
Mutton Biryani,50,45.0
Celery,15,3.5
Almonds,0,0.0
Brown Rice,50,45.8
Kheer,65,20.0
Matar Paneer,35,20.0
Fish Curry,0,2.0
Black Beans,30,62.4
Oats,55,26.3
Quorn,0,4.5
Chia Seeds,0,4.5
Zucchini Noodles,15,7.1
Fish Curry,0,2.0
Zucchini Noodles,15,6.6
Vegetable Curry,0,20.0
Cabbage Soup,70,14.0
Kabsa,50,50.0
Strawberries,40,7.0
Cauliflower,15,5.3
Kibbeh,0,0.0
Steamed Broccoli,0,0.0
Mujadara,55,45.0
Almond Milk,24,1.5
Chia Seed Oil,40,40.0
Barley,28,30.0
Whole Wheat Pasta,37,25.7
Lean Beef,0,0.0
Kale,15,8.8
Watermelon,71,7.6
Kabsa,20,15.0
Kidney Beans,24,25.0
Lassi,85,20.0
Flaxseeds,0,12.3
Grilled Salmon,0,5.0
Chia Seeds,0,10.0
Pork Tenderloin,0,0.0
Blueberries,53,18.0
Blueberries,59,18.0
Egg Whites,0,10.0
Kale,0,8.5
Fattoush,24,30.0
Kidney Beans,53,15.0
Barley,55,30.0
Caesar Salad,15,4.1
Cauliflower,15,5.0
Mansaf,40,20.0
Peanuts,12,16.1
Broccoli,10,11.2
Chia Seeds,0,10.0
Samboosa,15,17.8
Pani Puri,85,35.2
Dosa,50,21.3
Vegetable Biryani,24,3.9
Chicken Salad,10,5.9
Asparagus,39,14.0
Green Beans,15,6.3
Chicken Tikka,0,0.7
Brown Rice,50,45.0
Peanuts,12,16.1
Brussels Sprouts,40,5.8
Salmon,0,13.7
Zucchini,15,3.1
Chole Bhature,50,77.5
Arayes,15,6.1
Vegetable Soup,65,45.0
Watermelon,75,7.6
Chia Seed Oil,40,5.8
Quorn,0,44.4
Lettuce,10,0.9
Black Beans,30,62.4
Cottage Cheese,10,2.6
Spinach,28,27.0
Chicken Kebab,24,25.0
Lean Beef,0,0.0
Chicken Curry,0,20.0
Turkey Breast,0,0.0
Foul Sandwich,40,40.0
Olive Oil,0,0.0
Chicken Mandi,15,11.2
Avocado,15,9.0
Mango,45,35.0
Spinach,15,3.6
Celery,15,3.8
Walnuts,15,13.7
Baba Ganoush,20,1.5
Pineapple,66,13.0
Chicken Tikka,0,0.7
Sweet Potato,70,21.0
Avocado Oil,10,20.0
Quinoa Salad,53,21.1
Oats,55,66.0
Garlic,30,5.0
Lentil Soup,44,21.1
Spinach,15,3.6
Fish Fry,30,20.0
Walnuts,0,21.6
Flaxseed Oil,0,12.0
Brown Rice,68,13.0
Chana Masala,42,60.0
Strawberries,40,7.0
Quinoa,53,61.5
Eggs,0,0.6
Lean Beef,0,0.0
Kale,0,0.0
Apple,95,23.6
Blueberries,53,14.0
Steamed Vegetables,15,11.2
Blueberries,53,14.0
Eggs,0,0.6
Coconut Milk,40,45.0
Quinoa,53,21.3
Mutton Biryani,50,45.0
Blueberries,59,18.0
Pav,15,20.0
Spinach,28,30.0
Cod,0,1.1
Gajar Halwa,70,15.4
Rajma Masala,27,38.0
Mango Chutney,45,45.0
Quinoa Pasta,39,14.0
Pineapple,66,13.0
Whole Wheat Pasta,37,25.7
Brown Bread,89,40.0
Chicken Tikka Masala,10,45.0
Tomato Soup,45,6.6
Butter Chicken,0,1.1
Butter Naan,10,6.6
Mushrooms,70,23.0
Masoor Dal,30,5.0
Lettuce,10,0.9
Kofta,0,8.0
Tomato,15,6.0
Vegetable Curry,35,5.8
Kabsa,20,10.9
Mango Lassi,0,0.0
Peanuts,12,16.1
Vegetable Pulao,60,45.0
Quorn,0,0.0
Paneer,37,10.0
Black Beans,30,44.3
Mansaf,40,45.0
Paneer Butter Masala,85,13.0
Kabsa,50,30.0
Tomato Soup,0,2.0
Vada Pav,83,15.0
Shish Taouk,50,40.9
Brussels Sprouts,40,3.9
Cucumber,15,3.6
Zucchini,0,8.0
Greek Yogurt,11,3.6
Greek Yogurt,11,3.6
Pineapple,66,35.2
Malai Kofta,24,25.0
Mutton Biryani,50,50.0
Pakora,24,20.0
Chicken Tikka Masala,0,10.0
Shahi Paneer,10,20.0
Orange,40,15.4
Kale,15,9.0
Cucumber,15,3.6
Papdi Chaat,37,27.0
Dosa,50,10.0
Chana Masala,42,25.0
Flaxseed Oil,40,10.0
Brown Bread,89,48.0
Mansaf,40,45.0
Spinach,15,3.6
Mango Lassi,35,33.1
Spinach,15,3.6
Pani Puri,89,32.0
Gulab Jamun,70,11.0
Oats,55,35.0
Brown Bread,89,32.0
Lean Beef,0,0.0
Black Beans,30,44.3
Almond Milk,24,55.0
Cabbage,10,6.0
Lassi,24,3.9
Berries (mixed),40,10.6
Quinoa Pasta,53,25.0
Lentils,32,45.8
Green Beans,15,6.3
Green Beans,15,6.6
Shrimp Stir-Fry,15,10.0
Olive Oil,0,44.4
Oats,55,66.0
Mujadara,45,25.0
Whole Wheat Pasta,37,25.7
Lettuce,10,0.9
Zucchini Noodles,15,6.3
Celery,15,1.2
Coconut Chutney,10,45.0
Cauliflower,15,5.3
Cottage Cheese,10,2.6
Cucumber,15,3.6
Apple,39,14.0
Baba Ganoush,15,10.5
Almonds,0,0.0
Broccoli,10,11.2
Pav,15,9.0
Quinoa Salad,53,55.0
Za'atar Manakish,55,49.9
Black Beans,30,62.4
Onions,10,9.3
Fish Curry,0,10.0
Malai Paneer,70,20.0
Rava Idli,15,17.8
Pork Tenderloin,0,0.0
Eggplant,15,6.0
Mansaf,65,52.0
Bell Peppers,15,7.1
Chicken Biryani,50,45.0
Greek Salad,45,21.1
Lentils,32,20.0
Chicken Tikka,10,7.2
Zucchini,15,3.1
Samosa,89,40.0
Mango Chutney,55,35.0
Tofu,0,20.0
Quinoa,53,21.3
Brown Bread,89,48.0
Quinoa Pasta,53,21.3
Palak Paneer,20,55.0
Mango Pickle,40,21.7
Blueberries,53,14.0
Watermelon,71,7.6
Celery,15,1.2
Quorn,0,0.0
Split Pea Soup,37,10.0
Coconut Oil,0,15.0
Zucchini Noodles,15,3.1
Chia Seed Oil,0,0.7
Kabsa,50,50.0
Cauliflower,15,5.3
Zucchini,0,9.0
Kidney Beans,53,15.0
Lamb Kabsa,0,15.0
Lettuce,10,0.9
Whole Wheat Pasta,37,25.7
Cauliflower,15,5.0
Quinoa Pasta,71,20.0
Berries (mixed),40,10.6
Barley,55,30.0
Mushroom Curry,10,9.3
Oranges,45,11.0
Avocado Oil,0,0.0
Watermelon,71,8.0
Dosa,64,25.0
Butter Naan,70,14.0
Cauliflower,15,5.3
Turkey Breast,0,0.0
Fish Curry,0,10.0
Watermelon,75,7.6
Greek Yogurt,11,3.6
Broccoli,15,17.8
Lean Beef,0,0.0
Cauliflower,15,5.3
Matar Paneer,35,10.0
Mango Pickle,40,15.3
Coconut Milk,40,45.0
Arayes,15,10.5
Coconut Milk,40,20.0
Mujadara,45,10.0
Oats,55,65.9
Watermelon,75,8.0
Fish Curry,0,10.0
Quorn,0,0.0
Chicken Biryani,50,45.0
Barley,15,6.1
Almond Milk,24,63.0
Mushroom Curry,10,15.0
Whole Wheat Pasta,37,25.7
Spinach,15,3.6
Kheer,65,20.0
Orange,65,40.0
Whole Wheat Bread,68,49.9
Lamb,0,0.0
Salmon,0,0.0
Cucumber,15,3.6
Pineapple,66,13.0
Zucchini,15,3.1
Puliyogare,55,25.0
Palak Paneer,0,28.9
Brown Bread,89,26.0
Brown Bread,89,55.0
Garlic,30,33.1
Eggs,40,30.2
Fatayer,30,35.0
Quinoa Salad,53,21.1
Steamed Broccoli,0,3.6
Pani Puri,85,35.2
Spinach,15,3.6
Samosa,89,40.0
Dahi Vada,85,20.0
Cottage Cheese,10,2.6
Miso Soup,35,5.8
Eggplant,15,6.0
Seaweed,35,9.6
Muhallabia,45,30.0
Tandoori Chicken,0,5.0
Cauliflower,15,5.0
Blueberries,59,18.0
Vegetable Biryani,24,30.2
Mutton Biryani,50,40.0
Samosa,89,35.0
Chicken Curry,0,28.9
Turkey Breast,0,0.0
Watermelon,71,7.6
Apple,39,14.0
Greek Yogurt,11,3.6
Black Beans,30,62.4
Gobi Manchurian,55,30.0
Chicken Tikka,0,0.7
Brown Rice,50,50.0
Mansaf,40,28.9
Sweet Potato,70,20.0
Lettuce,10,1.0
Spinach,0,3.6
Dosa,50,28.9
Eggs,40,45.0
Vegetable Biryani,24,20.0
Cauliflower,15,5.3
Vegetable Biryani,25,55.0
Mushrooms,70,35.0
Seaweed,35,20.0
Lamb Kabsa,50,15.0
Eggplant,15,6.0
Paneer Butter Masala,50,50.0
Cottage Cheese,10,2.6
Zucchini,15,3.1
Baingan Bharta,15,25.0
Tandoori Chicken,0,4.0
Rajma Masala,27,38.0
Olive Oil,0,0.0
Watermelon,71,7.6
Cauliflower,15,5.3
Watermelon,75,8.0
Grilled Salmon,0,5.0
Tomato,37,10.0
Brown Lentils,32,60.0
Fish Curry,0,10.0
Broccoli,15,11.2
Spinach,42,15.4
Dahi Vada,50,45.0
Greek Yogurt,11,3.6
Kabsa,50,50.0
Steamed Vegetables,15,11.0
Quorn,0,4.5
Greek Yogurt,11,3.6
Whole Wheat Pasta,37,25.7
Greek Yogurt,11,3.6
Kofta,40,15.3
Broccoli,15,11.7
Cucumber,15,3.6
Mujadara,45,25.0
Walnuts,0,8.8
Apple,95,23.6
Steamed Broccoli,15,17.8
Lentil Soup,35,3.9
Miso Soup,35,5.8
Kadai Paneer,15,5.2
Steamed Broccoli,0,2.0
Dahi Vada,50,17.9
Salmon,0,13.7
Fish Fry,0,0.0
Kale,15,8.8
Lassi,24,20.0
Broccoli,15,11.2
Spinach,10,45.0
Matar Paneer,35,10.0
Cabbage Soup,15,4.1
Matar Paneer,0,0.0
Black Beans,30,62.4
Lean Beef,0,0.0
Rajma Chawal,25,28.9
Lamb Kabsa,0,44.4
Quinoa Salad,53,35.2
Hummus,85,21.0
Mutton Curry,72,26.0
Barley,55,30.0
Bell Pepper,20,1.5
Malai Kofta,24,55.0
Caesar Salad,70,40.0
Samboosa,15,10.0
Vegetable Soup,65,40.0
Lentils,32,44.8
Quorn,0,0.0
Fish Fry,30,30.0
Brown Rice,50,45.8
Pears,65,30.0
Dosa,64,25.0
Walnuts,15,13.7
Pani Puri,89,38.0
Fish Curry,0,10.0
Watermelon,75,8.0
Fattoush,30,35.0
Chicken Biryani,50,45.0
Papdi Chaat,65,50.0
Quinoa,53,21.3
Steamed Broccoli,15,17.8
Berries (mixed),40,9.0
Hummus,85,8.0
Kiwi,75,40.0
Eggplant,15,8.0
Oats,55,71.7
Paneer Tikka,15,5.0
Chia Seeds,0,10.0
Cabbage,10,5.8
Baba Ganoush,20,1.5
Shakshuka,89,32.0
Fish Curry,0,8.0
Quinoa Pasta,39,14.0
Peanuts,12,16.1
Bhindi Masala,20,35.0
Chicken Biryani,50,45.0
Fatayer,30,35.0
Dosa,64,20.0
Apple,95,40.9
Eggs,85,20.0
Cabbage Soup,10,10.0
Zucchini,0,0.0
Chicken Biryani,50,45.0
Samboosa,15,5.3
Kunafa,32,3.2
Green Tea,0,0.0
Cauliflower,15,5.3
Eggplant,15,6.0
Shawarma Wrap,15,11.7
Kidney Beans,53,14.7
Mushrooms,35,3.9
Apple,95,23.6
Mansaf,65,17.0
Lentils,32,20.0
Chicken 65,85,20.0
Spinach,28,20.0
Rajasthani Dal,45,40.0
Lamb Ouzi,50,30.0
Egg Whites,50,23.0
Shrimp Stir-Fry,45,35.0
Lettuce,10,1.0
Lean Beef,0,0.0
Peanuts,12,16.1
Mushroom Soup,30,30.0
Greek Yogurt,11,3.6
Celery,15,3.8
Kale,0,13.7
Lamb Ouzi,40,60.0
Hummus,85,10.0
Quinoa,53,21.3
Vegetable Biryani,24,20.0
Butter Chicken,0,10.0
Rajma Masala,27,15.0
Onions,10,6.6
Chicken Mandi,37,16.0
Mujadara,45,35.0
Spinach,28,25.0
Caprese Salad,15,13.7
Pani Puri,89,35.0
Turkey Breast,0,0.0
Vegetable Soup,55,30.0
Chicken Biryani,50,45.0
Pakora,75,20.0
Spinach Salad,0,21.7
Rasgulla,93,15.0
Split Pea Soup,37,16.0
Strawberries,40,7.0
Cauliflower,15,5.3
Coconut Milk,40,5.5
Mutton Biryani,50,50.0
Orange,65,46.0
Masoor Dal,30,8.0
Quinoa Salad,53,35.2
Mujadara,45,25.0
Asparagus,39,14.0
Mutton Curry,30,25.0
Brown Rice,15,5.3
Stir-Fried Tofu,15,6.1
Vegetable Soup,70,20.0
Baba Ganoush,28,66.1
Pear,55,40.0
Puliyogare,70,40.0
Kunafa,32,12.0
Olive Oil,0,28.9
Broccoli,10,11.2
Greek Yogurt,11,3.6
Masoor Dal,24,1.5
Rajma Chawal,55,40.0
Shahi Paneer,89,35.0
Green Beans,15,7.0
Apple,95,23.6
Samboosa,15,11.2
Baingan Bharta,15,25.0
Apple,95,40.9
Aloo Gobi,34,3.9
Pani Puri,89,48.0
Malai Kofta,85,20.0
Labneh Manakish,4,45.0
Sweet Potato,70,20.0
Lassi,85,20.0
Tomato,37,3.9
Shahi Paneer,0,20.0
Chicken Biryani,50,45.0
Pakora,45,6.6
Chicken 65,85,21.0
Tandoori Chicken,0,2.0
Zucchini Noodles,15,3.1
Baingan Bharta,15,30.0
Chicken Shawarma,0,12.0
Lentils,32,20.0
Watermelon,75,7.6
Samboosa,0,21.7
Almonds,0,13.7
Kachori,24,3.9
Turkey Breast,0,0.0
Pineapple,66,13.1
Zucchini,15,3.1
Quinoa,53,21.3
Green Tea,0,10.0
Seaweed,35,30.0
Rava Idli,65,20.0
Apple,39,14.0
Fish Curry,0,10.0
Coconut Milk,40,5.5
Muhallabia,24,25.0
Quinoa Pasta,53,21.3
Masoor Dal,24,63.0
Eggplant,15,6.0
Shrimp,89,19.7
Zucchini,0,0.0
Lentil Soup,44,20.0
Gobi Manchurian,65,59.7
Spinach,15,3.6
Shawarma Wrap,20,20.0
Kidney Beans,24,22.8
Spinach Salad,0,10.0
Spinach,0,3.6
Zucchini,15,3.1
Spinach,0,3.6
Gulab Jamun,70,40.0
Kiwi,75,40.0
Chia Seeds,0,28.9
Cauliflower,15,5.3
Avocado,15,9.0
Flaxseeds,50,21.3
Pani Puri,89,32.0
Quinoa Pasta,53,21.3
Rasgulla,65,30.0
Chicken Soup,10,16.0
Uttapam,85,14.0
Mutton Curry,10,9.0
Eggs,0,0.6
Tomato Soup,15,10.0
Peanuts,12,16.1
Vegetable Pulao,60,50.0
Lean Beef,0,0.0
Kidney Beans,24,55.0
Quinoa Salad,53,20.0
Rasam,24,3.9
Mango,55,10.0
Shakshuka,0,20.0
Palak Paneer,20,50.0
Green Tea,0,14.0
Lean Beef,0,0.0
Oranges,45,9.6
Zucchini,0,10.0
Cottage Cheese,10,3.4
Asparagus,39,14.0
Lettuce,10,1.0
Malai Kofta,24,25.0
Zucchini Noodles,15,3.1
Mango Lassi,40,33.1
Caesar Salad,15,4.6
Brown Bread,89,26.0
Lentils,32,63.4
Pani Puri,85,30.0
Kadai Paneer,14,10.2
Brown Bread,89,25.0
Papdi Chaat,55,25.0
Mushrooms,35,10.0
Masoor Dal,30,33.1
Samosa,89,45.0
Salmon,0,8.8
Spinach,28,20.0
Chicken Biryani,50,45.0
Chicken Salad,10,5.9
Rajma Masala,27,12.0
Lean Beef,0,0.0
Almond Milk,24,1.5
Split Pea Soup,0,2.0
Mujadara,24,15.0
Quinoa Pasta,53,21.3
Laban,40,15.3
Mutton Curry,10,5.9
Hummus,9,10.0
Lean Beef,0,0.0
Lean Beef,0,0.0
Peanuts,12,16.1
Miso Soup,35,3.9
Hummus,85,20.0
Seaweed,35,10.0
Watermelon,75,8.0
Quinoa,53,21.3
Malai Kofta,85,23.0
Spinach,15,3.6
Quinoa Pasta,53,21.3
Grilled Salmon,40,30.0
Greek Yogurt,11,3.6
Cabbage,10,5.8
Barley,28,25.0
Watermelon,71,7.6
Chole Bhature,50,50.0
Bell Peppers,15,6.1
Lean Beef,0,0.0
Zucchini,0,21.7
Apple,95,40.9
Turkey Breast,0,0.0
Chicken Curry,0,0.0
Kibbeh,0,0.0
Artichokes,0,0.0
Berries (mixed),40,10.6
Rajma Masala,27,12.0
Brown Rice,15,5.3
Tofu,75,21.0
Brown Bread,89,48.0
Orange,65,46.0
Spinach,10,45.0
Aloo Tikki,85,20.0
Apple,39,10.0
Strawberries,40,7.0
Arayes,15,5.3
Shahi Paneer,20,15.0
Blueberries,53,14.0
Chicken Salad,10,15.0
Blueberries,53,14.0
Vegetable Curry,35,35.0
Celery,15,1.2
Zucchini,0,10.0
Eggplant,15,10.2
Spinach,10,45.0
Coconut Milk,40,30.0
Walnuts,15,13.7
Chicken Biryani,50,45.0
Peanuts,14,16.1
Lamb Kabsa,50,40.0
Watermelon,71,8.0
Onions,10,9.0
Blueberries,46,61.5
Mango Pickle,55,26.3
Orange,40,15.4
Flaxseeds,0,4.5
Brown Rice,50,50.0
Almonds,0,0.0
Spinach Salad,0,2.0
Brown Rice,50,45.8
Gajar Halwa,70,35.0
Fish Curry,0,10.0
Cucumber,15,3.6
Fish Fry,30,35.0
Barley,59,45.0
Onions,10,9.3
Zucchini,15,3.1
Lemon Rice,20,15.0
Cottage Cheese,10,2.6
Lettuce,10,1.0
Celery,15,3.5
Celery,15,1.2
Paneer Butter Masala,50,55.0
Puliyogare,0,0.0
Walnuts,15,13.7
Avocado,15,9.0
Greek Yogurt,11,3.6
Almonds,0,21.6
Black Beans,30,62.4
Avocado,15,9.0
Rice,65,30.0
Cottage Cheese,10,3.4
Green Tea,0,14.0
Black Beans,30,44.3
Zucchini,15,3.1
Oats,55,66.0
Mansaf,40,45.0
Kadai Paneer,14,5.0
Rasgulla,93,23.6
Brown Rice,15,5.3
Cabbage,10,5.8
Kale,15,8.8
Berries (mixed),40,9.6
Ginger,10,5.9
Pineapple,66,13.0
Brown Rice,15,5.3
Mango Chutney,45,21.3
Mutton Biryani,50,50.0
Kachori,85,20.0
Egg Whites,50,50.0
Miso Soup,35,12.0
Tandoori Roti,24,3.9
Seaweed,35,9.6
Spinach,28,27.0
Almonds,0,0.0
Oats,55,66.0
Seaweed,35,20.0
Tandoori Chicken,0,4.0
Shahi Paneer,15,11.2
Pineapple,59,40.0
Pineapple,59,13.0
Chole Bhature,50,55.0
Foul Sandwich,0,12.0
Vegetable Biryani,25,25.0
Chicken Biryani,50,45.0
Lentils,29,27.0
Butter Naan,49,7.6
Chicken Biryani,50,45.0
Chicken Curry,0,10.0
Pork Tenderloin,0,0.0
Kofta,4,6.0
Kadai Paneer,15,4.1
Pineapple,66,13.0
Chicken Curry,0,21.6
Turkey Breast,0,0.0
Quinoa,53,21.3
Black Beans,30,62.4
Oats,55,66.0
Almonds,0,0.0
Palak Paneer,20,15.0
Kadai Paneer,15,10.2
Rasgulla,65,45.0
Quinoa Salad,53,30.0
Chole Bhature,50,30.0
Split Pea Soup,0,0.0
Lassi,0,10.0
Quinoa Salad,53,35.2
Almond Milk,24,60.1
Green Beans,15,7.1
Greek Yogurt,11,3.6
Steamed Vegetables,15,17.8
Greek Yogurt,11,3.6
Aloo Tikki,40,40.0
Radish,50,23.6
Uttapam,85,13.0
Miso Soup,35,3.9
Chicken Soup,45,40.0
Garlic,30,33.1
Chole Bhature,50,50.0
Brown Rice,15,5.3
Fish Curry,0,10.0
Steamed Broccoli,0,19.2
Lamb Kabsa,0,8.0
Shish Taouk,15,5.3
Chicken Korma,0,10.0
Kale,15,8.8
Foul Sandwich,40,60.0
Lettuce,0,0.0
Cabbage,10,5.8
Banana,40,10.0
Fatayer,30,30.0
Flaxseeds,50,45.0
Celery,15,1.2
Blueberries,46,18.0
Cauliflower,15,5.3
Fish Curry,0,10.0
Blueberries,53,14.0
Almond Milk,24,1.5
Berries (Mixed),15,4.6
Blueberries,53,14.0
Bell Pepper,28,20.0
Turkey Chili,65,35.0
Aloo Tikki,85,8.0
Vegetable Soup,10,45.0
Pani Puri,89,48.0
Uttapam,0,12.0
Kadai Paneer,14,5.2
Oats,55,35.0
Tomato,37,15.3
Chicken Kebab,30,35.0
Baingan Bharta,15,30.0
Greek Salad,64,30.0
Spinach,15,3.6
Walnuts,0,1.0
Watermelon,71,8.0
Quinoa Pasta,39,14.0
Chicken Soup,45,6.6
Palak Paneer,0,10.0
Dosa,50,21.3
Mutton Biryani,50,45.0
Mango Pickle,55,26.3
Kabsa,50,17.9
Berries (mixed),40,10.6
Almonds,0,21.6
Avocado,0,8.5
Coconut Chutney,35,8.0
Lean Beef,0,0.0
Muhallabia,45,35.0
Oats,55,66.0
Spinach Salad,37,21.7
Eggplant,15,6.0
Cabbage Soup,10,10.0
Zucchini Noodles,15,6.0
Shahi Tukda,55,25.0
Avocado Oil,10,10.0
Kabsa,50,17.9
Mutton Biryani,50,45.0
Chicken Tikka,45,40.0
Blueberries,53,14.5
Chicken Biryani,50,45.0
Pineapple,59,55.0
Tomato,37,5.8
Eggplant,15,10.2
Shahi Tukda,55,40.9
Salmon,0,0.0
Mutton Curry,0,0.0
Pineapple,66,13.0
Hummus,85,10.0
Lamb,0,10.0
Spinach,15,3.6
Almonds,0,0.0
Lamb Shawarma,50,15.0
Lentils,32,39.9
Chicken 65,0,0.7
Zucchini,0,13.7
Cauliflower,15,5.3
Dahi Vada,50,50.0
Mansaf,40,45.0
Quinoa,53,21.3
Chicken Curry,0,13.7
Gobi Manchurian,55,30.0
Fish Curry,0,2.0
Lentils,29,61.6
Vegetable Biryani,46,45.0
Black Beans,30,62.4
Mujadara,24,27.0
Turkey Breast,0,0.0
Barley,15,6.3
Quinoa Pasta,53,21.3
Broccoli,10,11.2
Whole Wheat Pasta,37,25.7
Mutton Biryani,50,50.0
Quorn,0,0.0
Kidney Beans,24,60.1
Quinoa Salad,53,21.1
Eggplant,15,6.0
Whole Wheat Bread,68,49.9
Lettuce,0,21.6
Kunafa,32,14.0
Greek Yogurt,11,3.6
Chicken Salad,10,6.0
Samboosa,15,2.4
Chana Masala,42,60.0
Cabbage,10,6.0
Chicken Mandi,37,27.0
Cabbage Soup,15,6.1
Tuna,0,0.0
Brown Rice,50,44.8
Peanuts,12,16.1
Brown Rice,15,5.3
Greek Salad,64,30.0
Cauliflower,15,5.3
Chicken Biryani,50,45.0
Sambousek,83,14.0
Orange,70,11.0
Lentil Soup,35,55.0
Kale,0,0.0
Rava Idli,15,10.0
Eggplant,15,6.0
Cabbage Soup,10,20.0
Cauliflower,15,5.0
Kofta,40,15.0
Gajar Halwa,70,19.7
Orange,65,17.0
Chicken Salad,0,12.0
Chole Bhature,50,45.0
Lean Beef,0,0.0
Rasgulla,93,40.9
Chicken Curry,0,0.0
Shish Taouk,20,15.0
Vegetable Biryani,46,45.0
Mujadara,35,30.0
Blueberries,53,14.0
Asparagus,15,3.7
Zucchini,0,10.0
Spinach,28,20.0
Rajma Masala,27,38.0
Paneer Butter Masala,85,29.0
Almond Milk,24,55.0
Garlic,30,20.0
Cottage Cheese,10,2.6
Malai Kofta,24,55.0
Eggplant,15,6.0
Berries (Mixed),40,3.9
Brown Rice,50,44.8
Orange,42,9.0
Berries (mixed),40,9.6
Mushrooms,10,6.0
Lentil Soup,44,20.0
Chicken Salad,10,3.3
Paneer Butter Masala,10,16.0
Brown Rice,15,5.3
Mango Pickle,55,35.0
Almonds,0,0.0
Lentils,32,20.0
Watermelon,71,7.6
Fatayer,24,66.1
Spinach,42,61.5
Grilled Chicken,0,0.0
Almond Butter,0,2.0
Greek Yogurt,11,3.6
Pear,65,20.0
Peanuts,12,16.1
Paneer Tikka,20,8.0
Tandoori Chicken,0,5.0
Miso Soup,35,30.0
Seaweed,35,10.0
Peanuts,12,16.1
Baingan Bharta,15,9.0
Chicken Korma,0,10.0
Tomatoes,15,4.0
Vegetable Curry,35,35.0
Lettuce,15,1.2
Vegetable Curry,0,0.0
Kale,0,8.8
Gobi Manchurian,55,30.0
Apple,35,3.2
Peanuts,12,16.1
Chicken 65,0,10.0
Pear,55,40.0
Spinach,0,3.6
Cabbage,10,6.0
Chole Bhature,83,55.0
Tuna,0,0.0
Flaxseeds,0,10.0
Brown Rice,68,45.8
Chicken Salad,10,6.0
Pear,55,30.0
Coconut,0,0.0
Aloo Tikki,0,0.0
Eggs,40,30.2
Black Beans,30,44.3
Mansaf,65,20.0
Chicken Biryani,50,45.0
Pears,65,30.0
Mango Lassi,12,10.0
Lentil Soup,35,3.9
Kabsa,20,9.0
Chicken Korma,0,4.0
Barley,15,9.0
Quinoa,53,21.3
Lamb,0,0.0
Veggie Burger,24,3.9
Green Beans,15,6.3
Cucumber,15,3.6
Lentils,32,20.0
Mango Pickle,0,12.0
Zucchini,0,19.2
Radish,0,0.0
Avocado,0,0.0
Almond Milk,24,1.5
Chicken Curry,0,21.7
Malai Paneer,0,5.0
Steamed Vegetables,15,4.6
Laban,4,6.0
Chicken Curry,0,21.6
Puliyogare,85,32.0
Cauliflower,15,5.3
Quinoa,53,65.7
Veg Cutlet,15,11.2
Lentils,32,20.0
Kachori,85,20.0
Chia Seeds,0,12.3
Puliyogare,85,15.4
Kunafa,32,12.0
Eggs,40,6.6
Pear,55,49.9
Broccoli,10,11.2
Chana Masala,42,60.0
Oats,55,66.0
Mansaf,40,45.0
Arayes,50,23.0
Medu Vada,0,0.0
Laban,40,10.0
Peanuts,12,16.1
Brown Rice,15,5.3
Mushrooms,70,23.0
Avocado Oil,10,20.0
Chana Masala,42,45.0
Brown Rice,15,5.3
Rajma Masala,27,15.0
Salmon,0,0.0
Greek Yogurt,11,3.6
Asparagus,15,3.7
Brown Rice,68,13.0
Cauliflower,15,5.3
Lean Beef,0,0.0
Chicken Biryani,50,45.0
Lettuce,15,1.0
Butter Chicken,0,10.0
Chicken Curry,0,8.8
Mushrooms,10,3.3
Asparagus,15,3.7
Brown Bread,89,30.0
Tandoori Chicken,0,5.0
Oats,55,65.9
Cucumber,15,3.6
Tandoori Chicken,0,5.0
Pav,65,30.0
Spinach,28,25.0
Fatayer,30,35.0
Flaxseeds,50,45.0
Pani Puri,89,35.0
Brown Bread,89,48.0
Orange,42,10.6
Lean Beef,0,0.0
Gobi Manchurian,65,30.0
Apple,70,40.0
Labneh,4,45.0
Peanuts,14,16.1
Steamed Vegetables,15,11.2
Hummus,9,20.0
Quinoa Pasta,53,21.3
Kabsa,20,35.0
Chole Bhature,50,55.0
Quinoa Pasta,71,46.0
Salmon,0,20.0
Flaxseeds,50,28.9
Fatayer,0,15.0
Lassi,85,8.0
Apple,39,10.0
Paneer,45,40.0
Greek Yogurt,11,3.6
Almonds,0,0.0
Lean Beef,0,0.0
Brown Bread,89,32.0
Flaxseed Oil,0,0.0
Spinach,10,45.0
Mango Juice,55,8.0
Miso Soup,35,5.5
Broccoli,15,17.8
Ginger,15,15.0
Eggs,0,0.6
Mushroom Curry,72,20.0
Greek Yogurt,11,3.6
Brown Bread,89,55.0
Tuna Salad,89,35.0
Greek Yogurt,11,3.6
Green Tea,0,0.0
Greek Yogurt,11,3.6
Chicken Curry,0,8.0
Barley,0,0.0
Watermelon,75,8.0
Mutton Biryani,50,50.0
Chia Seeds,0,28.9
Malai Kofta,24,55.0
Chicken Biryani,50,45.0
Apple,39,14.0
Lentils,29,61.6
Rajma Chawal,25,55.0
Zucchini,15,3.1
Walnuts,0,19.2
Oranges,45,11.0
Oats,55,65.9
Pakora,0,10.0
Blueberries,53,18.0
Bell Peppers,15,6.6
Malai Kofta,24,55.0
Lamb Ouzi,50,15.0
Seaweed,35,10.0
Uttapam,0,21.7
Tomato,15,7.0
Zucchini,15,3.1
Lentils,32,20.0
Oranges,40,10.0
Chicken Salad,10,3.3
Aloo Gobi,34,3.2
Zucchini,15,3.1
Eggplant,15,6.0
Brown Bread,89,32.0
Eggplant Parmesan,50,20.0
Veggie Burger,50,50.0
Almond Milk,24,1.5
Whole Wheat Pasta,37,25.7
Cauliflower,15,5.0
Watermelon,75,8.0
Kibbeh,0,0.0
Radish,0,21.6
Gobi Manchurian,65,17.0
Paneer Tikka,15,5.0
Palak Paneer,15,5.0
Peanuts,12,16.1
Salmon,0,0.0
Tuna,0,0.0
Kale,15,8.8
Foul Sandwich,40,45.0
Walnuts,0,0.0
Oranges,40,10.0
Samosa,89,15.0
Cauliflower,15,5.3
Eggplant Parmesan,50,10.0
Eggs,40,35.0
Quorn,0,10.0
Berries (mixed),40,9.6
Blueberries,53,14.0
Kadai Paneer,15,8.0
Peanuts,12,16.1
Celery,15,1.2
Almonds,0,8.5
Eggplant,15,6.0
Radish,20,20.0
Foul Sandwich,0,5.0
Lettuce,15,1.0
Greek Yogurt,11,3.6
Vegetable Soup,37,21.7
Berries (mixed),40,9.6
Cucumber,15,3.6
Salmon,0,0.0
Celery,15,1.2
Kidney Beans,53,14.7
Kadai Paneer,14,5.0
Butter Chicken,0,10.0
Labneh Manakish,4,45.0
Avocado,15,9.0
Kheer,65,35.2
Lentils,32,44.8
Tuna,0,0.0
Turkey Breast,0,8.5
Gajar Halwa,85,38.0
Rice,75,20.0
Samboosa,45,33.1
Split Pea Soup,37,15.3
Mutton Biryani,50,45.0
Kabsa,50,17.9
Lentils,32,63.4
Cottage Cheese,10,2.6
Dosa,64,30.0
Lentil Soup,44,20.0
Lean Beef,0,0.0
Broccoli,10,11.2
Eggs,40,30.0
Samboosa,0,0.0
Kidney Beans,53,14.7
Mandi,45,10.0
Cucumber,15,3.6
Green Tea,0,0.0
Kidney Beans,53,14.7
Tandoori Roti,24,25.0
Quinoa Pasta,53,21.3
Broccoli,10,11.2
Arayes,50,30.0
Avocado,0,8.5
Watermelon,71,8.0
Celery,15,1.2
Strawberries,40,7.7
Mushroom Curry,68,35.0
Cauliflower,15,5.3
Caesar Salad,15,4.6
Spinach,42,61.5
Brown Rice,15,5.3
Green Beans,15,7.1
Lamb,0,20.0
Lamb,0,44.4
Shawarma,0,0.0
Mujadara,24,27.0
Chicken Shawarma,0,10.0
Spinach,15,3.6
Kofta,4,45.0
Puliyogare,55,30.0
Fish Curry,0,10.0
Vegetable Pulao,65,50.0
Pineapple,59,13.0
Vegetable Pulao,65,30.0
Lettuce,15,1.2
Greek Salad,64,17.0
Aloo Gobi,24,15.0
Lean Beef,0,0.0
Eggplant,15,6.0
Whole Wheat Bread,68,40.0
Broccoli,15,11.0
Watermelon,75,7.6
Tomatoes,15,4.0
Samboosa,15,4.6
Sweet Potato,70,35.0
Mutton Curry,49,30.0
Apple,35,30.0
Avocado Oil,0,0.0
Medu Vada,0,5.0
Oats,55,26.3
Kidney Beans,24,20.0
Blueberries,53,14.5
Quinoa Pasta,71,40.0
Oats,55,66.0
Orange,40,15.4
Eggs,0,0.6
Gobi Manchurian,55,30.0
Quinoa,53,21.3
Vegetable Pulao,65,50.0
Brown Rice,68,13.1
Brown Rice,50,45.0
Chicken 65,85,20.0
Quinoa,53,21.3
Coconut,20,30.2
Brown Bread,89,48.0
Blueberries,53,14.0
Pork Tenderloin,0,0.0
Tomato,37,15.4
Shrimp,20,66.1
Fish Curry,0,10.0
Watermelon,71,7.6
Paneer Tikka,15,5.2
Mutton Biryani,50,40.0
Brown Bread,89,25.0
Mutton Curry,10,5.9
Greek Yogurt,11,3.6
Steamed Vegetables,15,2.4
Za'atar Manakish,10,10.0
Watermelon,75,7.6
Kiwi,75,40.0
Seaweed,35,9.6
Cottage Cheese,10,2.6
Chicken Curry,0,10.0
Cod,75,40.0
Kabsa,50,30.0
Turkey Breast,0,0.0
Paneer,45,6.6
Rajma Chawal,27,60.1
Fatayer,30,35.0
Muhallabia,35,30.0
Asparagus,15,3.7
Miso Soup,35,30.0
Lean Beef,0,0.0
Peanuts,14,16.1
Upma,37,10.0
Kale,0,0.0
Mutton Biryani,50,45.0
Split Pea Soup,0,12.0
Zucchini,15,3.1
Gulab Jamun,65,30.0
Grilled Chicken,0,0.0
Chicken 65,85,20.0
Kabsa,50,45.0
Kheer,85,35.2
Watermelon,71,7.6
Whole Wheat Pasta,37,25.7
Fish Curry,0,10.0
Walnuts,15,13.7
Barley,55,14.0
Hummus,85,20.0
Chicken Curry,0,0.0
Mutton Curry,68,40.0
Spinach,0,3.6
Walnuts,15,13.7
Barley,0,0.0
Cabbage,15,6.0
Butter Naan,10,6.0
Malai Kofta,24,25.0
Matar Paneer,20,15.0
Turkey Breast,0,0.0
Cabbage Soup,15,5.2
Chicken Shawarma,20,10.9
Papdi Chaat,65,52.0
Chicken Curry,0,10.0
Chicken Soup,20,20.0
Whole Wheat Pasta,37,25.7
Vegetable Curry,0,20.0
Berries (mixed),40,10.6
Zucchini,0,13.7
Radish,89,19.7
Mansaf,65,50.0
Baingan Bharta,15,9.0
Brown Bread,89,48.0
Chia Seeds,0,0.0
Labneh,4,45.0
Butter Chicken,0,12.0
Asparagus,15,3.7
Zucchini Noodles,15,6.6
Zucchini,15,3.1
Berries (mixed),40,10.6
Cottage Cheese,10,2.6
Mansaf,65,45.0
Matar Paneer,0,0.0
Coconut,0,0.0
Almonds,0,0.0
Stir-Fried Tofu,75,21.0
Broccoli,10,11.2
Cabbage,10,5.8
Vegetable Biryani,25,55.0
Almonds,0,28.9
Cucumber,15,3.6
Lean Beef,0,0.0
Sweet Potato,70,21.0
Berries (Mixed),15,4.6
Kiwi,75,40.0
Avocado,0,0.0
Salmon,0,21.6
Kidney Beans,53,15.0
Cabbage,10,5.8
Garlic,30,20.0
Oats,55,66.0
Cauliflower,15,5.3
Chicken Tikka,0,5.0
Kabsa,50,17.9
Caprese Salad,15,13.7
Palak Paneer,15,6.0
Asparagus,15,3.7
Mushroom Curry,30,27.0
Mango,45,15.0
Lean Beef,0,0.0
Quinoa Salad,53,20.0
Salmon,0,0.0
Matar Paneer,35,9.6
Broccoli,10,11.2
Kale,0,21.6
Pear,65,20.0
Bell Peppers,15,6.6
Blueberries,59,18.0
Onions,10,9.3
Matar Paneer,35,9.0
Rajma Chawal,25,45.0
Dahi Vada,85,40.0
Zucchini Noodles,15,3.1
Shrimp,20,35.0
Cauliflower,15,5.3
Brown Rice,68,13.0
Orange,70,40.0
Brown Bread,89,26.0
Vegetable Biryani,50,50.0
Pork Tenderloin,0,0.0
Zucchini,0,10.0
Tandoori Roti,24,30.0
Vegetable Biryani,24,18.0
Paneer Tikka,15,4.1
Spinach,15,3.6
Black Beans,30,44.3
Celery,15,1.2
Masoor Dal,24,55.0
Mushrooms,35,30.0
Cottage Cheese,10,2.6
Upma,37,15.0
Gulab Jamun,70,11.0
Bell Pepper,20,1.5
Celery,15,3.5
Brown Rice,68,44.8
Blueberries,53,14.0
Quinoa,53,61.5
Watermelon,71,8.0
Almond Butter,45,40.0
Foul Sandwich,40,60.0
Berries (mixed),40,9.0
Cauliflower,15,5.0
Quinoa,53,21.3
Eggs,85,32.0
Stir-Fried Tofu,75,20.0
Mutton Curry,30,20.0
Kibbeh,0,0.0
Ginger,72,20.0
Mango Pickle,40,15.3
Chicken Biryani,50,45.0
Kofta,4,45.0
Blueberries,46,65.7
Turkey Breast,0,0.0
Coconut,0,15.0
Dahi Vada,85,45.0
Quinoa,53,21.3
Broccoli,15,11.2
Eggs,85,38.0
Vada Pav,83,50.0
Peanuts,14,16.1
Green Beans,15,6.3
Blueberries,53,14.0
Lentil Soup,44,21.1
Kale,15,8.8
Lamb,0,10.0
Quinoa,53,65.7
Mutton Curry,68,20.0
Quinoa Pasta,53,21.3
Kidney Beans,24,63.0
Malai Kofta,24,60.1
Cottage Cheese,10,2.6
Mushrooms,10,3.3
Chicken Tikka,0,19.2
Tomato,37,15.0
Bell Peppers,15,7.0
Greek Yogurt,11,3.6
Papdi Chaat,55,40.9
Zucchini,0,8.0
Uttapam,70,40.0
Kibbeh,49,14.5
Lean Beef,0,0.0
Zucchini Noodles,15,3.1
Mansaf,40,20.0
Lassi,0,10.0
Tandoori Roti,24,20.0
Zucchini,15,3.1
Zucchini Noodles,15,3.1
Fatayer,0,10.0
Foul Sandwich,40,60.0
Chicken Biryani,50,45.0
Papdi Chaat,65,50.0
Mango Juice,40,27.0
Blueberries,59,18.0
Strawberries,40,7.0
Arayes,50,35.0
Mutton Biryani,50,45.0
Zucchini Noodles,15,3.1
Lentil Soup,35,3.9
Samosa,89,45.0
Quinoa,53,21.3
Turkey Breast,0,0.0
Brown Bread,89,15.0
Apple,70,11.0
Rasam,24,30.0
Orange,40,15.0
Eggs,40,30.2
Steamed Broccoli,15,4.6
Vegetable Soup,65,23.0
Almonds,0,8.5
Greek Yogurt,11,3.6
Eggs,40,30.2
Chicken Salad,0,10.0
Sweet Potato,70,19.7
Watermelon,71,7.6
Seaweed,35,3.2
Tomatoes,15,3.4
Quinoa Pasta,39,14.0
Avocado,15,9.0
Samboosa,0,21.7
Fatayer,0,0.7
Cabbage Soup,70,14.0
Dahi Vada,85,45.0
Berries (mixed),40,10.6
Green Tea,0,0.0
Zucchini,15,3.1
Matar Paneer,35,20.0
Butter Chicken,0,10.0
Tofu,15,4.6
Brown Rice,15,5.3
Blueberries,53,14.0
Harira Soup,40,16.0
Kidney Beans,24,55.0
Peanuts,12,16.1
Apple,39,12.0
Medu Vada,70,20.0
Chicken Biryani,50,45.0
Pav,65,50.0
Dosa,50,25.0
Coconut Milk,40,28.9
Rasgulla,93,23.6
Chicken Curry,0,21.6
Celery,15,3.5
Apple,70,40.0
Mutton Rogan Josh,0,2.2
Mutton Biryani,50,50.0
Matar Paneer,0,0.0
Matar Paneer,35,55.0
Rasgulla,93,40.9
Celery,15,1.2
Almonds,0,13.7
Vegetable Biryani,25,30.2
Miso Soup,35,30.0
Kabsa,50,30.0
Apple,95,40.0
Watermelon,71,7.6
Tabbouleh,24,30.0
Black Beans,30,44.3
Tomatoes,15,3.9
Greek Yogurt,11,3.6
Apple,39,10.0
Whole Wheat Pasta,37,25.7
Lettuce,15,1.2
Mutton Biryani,50,50.0
Chicken 65,85,20.0
Asparagus,15,3.7
Shawarma Wrap,20,15.0
Broccoli,15,17.8
Chicken 65,85,20.0
Chia Seed Oil,85,32.0
Manakish,45,50.0
Mango Juice,40,45.0
Chicken Korma,0,5.0
Kunafa,32,14.0
Eggplant Parmesan,50,30.0
Almonds,0,9.0
Zucchini,15,3.1
Almonds,0,28.9
Palak Paneer,0,0.0
Tuna,0,0.0
Spinach,10,45.0
Matar Paneer,35,3.2
Rajasthani Dal,37,15.3
Mansaf,40,28.9
Quinoa Pasta,39,10.0
Tuna Salad,15,3.9
Grilled Salmon,0,0.0
Lamb,0,0.0
Fish Curry,0,10.0
Papdi Chaat,65,52.0
Vegetable Pulao,65,59.7
Cottage Cheese,10,2.6
Zucchini,0,0.0
Lentil Soup,44,5.5
Laban,40,21.7
Hummus,85,10.0
Lamb Ouzi,20,30.0
Pear,55,49.9
Bhindi Masala,15,3.9
Garlic,30,33.1
Brown Bread,89,40.0
Cauliflower,15,5.3
Tabbouleh,24,3.9
Apple,95,46.0
Cod,30,20.0
Kibbeh,49,25.0
Orange,42,9.0
Brown Bread,89,48.0
Bhindi Masala,20,9.0
Blueberries,53,14.0
Greek Yogurt,11,3.6
Kidney Beans,53,15.0
Brown Bread,89,48.0
Cabbage,10,5.8
Orange,65,46.0
Brussels Sprouts,40,5.8
Almond Butter,0,3.6
Chicken 65,85,20.0
Green Tea,0,14.0
Quorn,0,44.4
Foul Sandwich,0,12.0
Turkey Breast,0,0.0
Aloo Tikki,40,40.0
Kabsa,50,45.0
Maamoul,10,9.0
Eggplant Parmesan,0,0.7
Avocado,10,0.7
Dal,10,10.0
Apple,39,14.0
Mansaf,40,6.6
Chicken Tikka,10,7.2
Kidney Beans,53,15.0
Salmon,0,0.0
Olive Oil,0,0.0
Celery,15,3.8
Fish Curry,0,10.0
Whole Wheat Pasta,37,25.7
Lean Beef,0,0.0
Quinoa Pasta,71,20.0
Aloo Gobi,34,25.0
Pork Tenderloin,0,0.0
Kale,15,8.8
Gobi Manchurian,55,30.0
Paneer,0,10.0
Cauliflower,15,5.0
Peanuts,12,16.1
Almond Milk,24,1.5
Salmon,0,8.8
Eggplant,15,6.0
Brown Bread,89,30.0
Greek Yogurt,11,3.6
Lentils,32,61.6
Zucchini Noodles,15,6.6
Almond Milk,24,1.5
Lentils,29,63.4
Matar Paneer,35,30.0
Lean Beef,0,0.0
Brussels Sprouts,40,5.8
Tofu,45,40.0
Samboosa,45,33.1
Lassi,0,8.0
Paneer,30,33.1
Chia Seeds,0,12.3
Almond Milk,24,1.5
Almonds,0,0.0
Greek Salad,64,30.0
Chapati,0,0.0
Gulab Jamun,70,9.6
Lentils,32,45.8
Berries (mixed),40,10.6
Split Pea Soup,0,0.0
Eggs,0,0.6
Butter Naan,15,9.0
Pork Tenderloin,0,0.0
Asparagus,15,3.7
Walnuts,0,13.7
Tomato,15,6.3
Cucumber,15,3.6
Kidney Beans,53,15.0
Kadai Paneer,14,5.0
Salmon,0,0.0
Lean Beef,0,0.0
Eggs,0,0.6
Mandi,50,45.0
Apple,70,40.0
Turkey Breast,0,0.0
Turkey Breast,0,0.0
Quinoa Pasta,39,14.0
Quinoa Salad,53,35.2
Avocado,15,9.0
Avocado,10,8.5
Lamb,0,0.0
Salmon,0,0.0
Oranges,45,9.6
Walnuts,0,21.7
Barley,15,10.5
Lean Beef,0,0.0
Watermelon,71,8.0
Fatayer,0,10.0
Tandoori Chicken,0,5.0
Upma,65,45.0
Mango,45,45.0
Cauliflower,15,5.3
Broccoli,15,11.0
Orange,40,15.4
Shahi Tukda,65,35.0
Chicken Korma,0,12.0
Malai Kofta,85,45.0
Kofta,4,45.0
Apple,95,23.6
Vegetable Biryani,50,50.0
Olive Oil,0,0.0
Chicken Salad,10,15.0
Avocado,15,9.0
Cauliflower,15,5.3
Mushroom Soup,68,32.0
Salmon,0,28.9
Broccoli,15,11.2
Eggs,0,0.6
Kheer,85,18.0
Greek Yogurt,11,3.6
Chicken Curry,0,10.0
Kadai Paneer,14,4.1
Broccoli,15,11.2
Whole Wheat Pasta,37,25.7
Garlic,30,33.1
Eggplant,15,6.0
Almonds,0,21.6
Bell Pepper,59,15.0
Cauliflower,15,5.3
Kabsa,50,17.9
Green Beans,15,6.3
Tomatoes,15,3.4
Brown Rice,15,5.3
Chia Seeds,0,4.5
Coconut Chutney,35,5.0
Coconut,45,21.0
Mansaf,65,59.7
Pear,65,59.7
Olive Oil,0,0.0
Shahi Tukda,37,15.4
Gajar Halwa,85,38.0
Lamb,0,0.0
Kunafa,32,12.0
Kale,15,8.8
Kale,0,13.7
Chicken Biryani,50,45.0
Foul Sandwich,40,50.0
Shahi Paneer,20,15.0
Cauliflower,15,5.3
Salmon,0,21.7
Lamb Kabsa,50,50.0
Chicken Salad,0,10.0
Lean Beef,0,0.0
Rajma Masala,27,15.0
Apple,95,23.6
Peanuts,12,16.1
Laban,0,10.0
Chicken Korma,0,5.0
Tomato,37,15.3
Mango Pickle,0,0.0
Lentils,29,20.0
Harira Soup,0,0.0
Stir-Fried Tofu,55,10.0
Mansaf,40,5.5
Oats,55,71.7
Chicken Curry,0,21.6
Spinach,28,20.0
Greek Salad,45,20.4
Barley,59,30.0
Tomatoes,15,3.9
Cabbage,15,6.0
Banana,85,32.0
Quinoa Pasta,53,21.3
Apple,70,9.6
Vegetable Curry,35,5.8
Pineapple,66,13.0
Oranges,40,9.0
Eggplant,15,10.2
Shakshuka,0,21.7
Mango Juice,0,0.0
Palak Paneer,0,10.0
Greek Yogurt,11,3.6
Baba Ganoush,55,45.0
Mango Pickle,40,33.1
Kibbeh,49,25.0
Laban,0,10.0
Veg Cutlet,37,10.0
Bell Peppers,15,3.4
Bell Pepper,15,10.5
Arayes,50,30.0
Orange,40,15.4
Chole Bhature,83,55.0
Olive Oil,0,0.0
Zucchini,15,3.1
Tandoori Chicken,0,5.0
Kidney Beans,24,22.8
Baba Ganoush,59,45.0
Salmon,0,9.0
Aloo Gobi,34,10.0
Greek Yogurt,11,3.6
Broccoli,15,11.2
Chicken Curry,0,10.0
Medu Vada,0,2.2
Caprese Salad,10,9.3
Cucumber,15,3.6
Strawberries,40,7.0
Chicken Curry,0,21.6
Quinoa Pasta,39,14.0
Matar Paneer,20,20.0
Almonds,0,0.0
Tuna,0,0.0
Whole Wheat Pasta,37,25.7
Lettuce,10,0.9
Pork Tenderloin,0,0.0
Mansaf,65,50.0
Celery,15,3.5
Mango,55,26.3
Salmon,0,13.7
Fish Curry,0,10.0
Mushrooms,70,35.0
Vegetable Curry,35,30.0
Brown Bread,89,55.0
Brown Rice,15,5.3
Brown Rice,15,5.3
Strawberries,40,7.7
Chia Seeds,0,44.4
Labneh Manakish,0,15.0
Banana,85,10.0
Barley,59,30.0
Oranges,45,9.6
Oats,55,35.0
Masoor Dal,24,1.5
Greek Yogurt,11,3.6
Mutton Biryani,50,50.0
Apple,39,10.0
Lentils,32,20.0
Berries (mixed),40,9.6
Chia Seeds,0,0.0
Avocado,10,0.7
Brown Rice,68,13.1
Tomato,37,15.4
Cottage Cheese,10,3.4
Pineapple,59,13.0
Quinoa Pasta,71,25.0
Kidney Beans,24,60.1
Mansaf,40,28.9
Brown Rice,15,5.3
Aloo Gobi,34,5.8
Vada Pav,83,50.0
Bell Peppers,15,7.0
Arayes,15,7.0
Orange,40,15.0
Foul Sandwich,0,0.0
Hummus,9,45.0
Veggie Burger,55,49.9
Stir-Fried Tofu,65,20.0
Cabbage,10,6.0
Zucchini,15,3.1
Gobi Manchurian,55,49.9
Papdi Chaat,37,15.0
Pear,65,20.0
Cabbage,15,6.0
Mansaf,40,30.0
Brown Rice,50,45.8
Miso Soup,35,30.0
Fish Fry,24,30.0
Kachori,85,20.0
Gobi Manchurian,65,40.0
Bell Peppers,15,6.3
Cauliflower,15,5.3
Kachori,30,15.0
Chicken Soup,0,12.0
Chole Bhature,50,55.0
Grilled Chicken,0,0.0
Kheer,65,30.0
Lentils,32,63.4
Malai Kofta,24,20.0
Chicken Tikka,0,0.7
Kheer,65,35.2
Pakora,37,21.7
Oats,55,66.0
Cucumber,15,3.6
Bell Peppers,15,3.4
Spinach,28,63.4
Celery,15,1.2
Butter Chicken,0,12.0
Green Tea,0,1.0
Bell Peppers,15,6.6
Turkey Chili,37,3.9
Cauliflower,15,5.3
Pineapple,66,13.0
Chicken Biryani,50,45.0
Almond Butter,24,15.0
Chicken Biryani,50,45.0
Whole Wheat Pasta,37,25.7
Dosa,50,10.0
Veg Cutlet,65,23.0
Eggs,40,6.6
Kale,15,9.0
Salmon,0,0.0
Mansaf,40,45.0
Almonds,0,0.0
Vegetable Biryani,50,50.0
Eggplant,15,6.0
Foul Sandwich,0,5.0
Quinoa Salad,53,21.1
Apple,95,46.0
Eggplant,15,6.0
Zucchini Noodles,15,3.1
Vegetable Curry,35,3.9
Caprese Salad,49,30.0
Quorn,0,0.0
Mujadara,55,10.0
Cabbage,15,6.0
Medu Vada,70,10.0
Butter Naan,49,10.0
Chicken Curry,0,10.0
Fish Fry,24,15.0
Eggs,85,32.0
Broccoli,10,11.2
Hummus,9,45.0
Chicken Salad,0,1.1
Chicken Biryani,50,45.0
Shahi Paneer,89,20.0
Blueberries,46,18.0
Samboosa,15,5.3
Matar Paneer,35,30.0
Mutton Curry,15,30.0
Dosa,64,25.0
Paneer,75,50.0
Turkey Breast,0,0.0
Lean Beef,0,0.0
Zucchini,0,0.0
Cucumber,15,3.6
Uttapam,0,12.0
Avocado,15,9.0
Blueberries,53,14.0
Pork Tenderloin,0,0.0
Lamb,0,0.0
Chicken Curry,0,0.0
Blueberries,53,18.0
Flaxseeds,50,28.9
Pani Puri,89,15.0
Rava Idli,15,11.0
Cabbage,15,6.0
Greek Salad,45,20.4
Brussels Sprouts,15,6.0
Tomato,15,7.0
Asparagus,39,14.0
Malai Kofta,24,55.0
Greek Yogurt,11,3.6
Tandoori Chicken,0,3.0
Quinoa,53,65.7
Eggs,0,0.6
Kofta,0,10.0
Kibbeh,68,20.0
Quorn,0,0.0
Lentils,32,39.9
Almond Milk,24,1.5
Samboosa,83,21.0
Masoor Dal,24,1.5
Chana Masala,42,60.0
Celery,15,1.2
Gobi Manchurian,65,45.0
Quinoa Pasta,40,15.0
Celery,15,1.2
Greek Yogurt,11,3.6
Watermelon,71,7.6
Arayes,15,2.4
Quinoa,53,65.7
Aloo Tikki,85,8.0
Chicken 65,0,0.0
Zucchini,15,3.1
Kibbeh,68,40.0
Cottage Cheese,10,2.6
Spinach,10,45.0
Bhindi Masala,20,12.0
Stir-Fried Tofu,65,21.0
Chicken Salad,0,10.0
Brown Bread,89,25.0
Chicken Soup,0,0.0
Fish Curry,0,10.0
Bhindi Masala,15,3.9
Masoor Dal,30,20.0
Lamb Shawarma,20,20.0
Spinach,15,3.6
Rajasthani Dal,45,6.6
Strawberries,40,7.0
Lean Beef,0,0.0
Rice,55,10.0
Za'atar Manakish,65,45.0
Lean Beef,0,0.0
Turkey Breast,0,0.0
Spinach,15,3.6
Eggplant Parmesan,50,23.0
Spinach,15,3.6
Orange,42,10.6
Chicken Biryani,50,45.0
Shrimp Stir-Fry,83,23.0
Spinach Salad,0,3.6
Zucchini,15,3.1
Orange,65,30.0
Peanuts,14,16.1
Chia Seed Oil,0,0.7
Zucchini,15,3.1
Mujadara,55,45.0
Chicken Tikka Masala,0,0.0
Lentils,32,20.0
Harira Soup,0,0.0
Fish Curry,0,12.3
Paneer Tikka,20,55.0
Paneer Tikka,20,15.0
Dal,35,5.8
Strawberries,40,7.0
Turkey Breast,0,0.0
Watermelon,75,8.0
Celery,15,1.2
Vegetable Pulao,60,50.0
Tuna,0,0.0
Kabsa,50,77.5
Chicken 65,85,32.0
Kheer,65,20.0
Lettuce,0,19.2
Lamb Kabsa,50,15.0
Oranges,40,9.6
Eggplant Parmesan,50,50.0
Pav,15,10.9
Mushrooms,10,3.3
Kale,0,8.5
Chicken 65,85,21.0
Shahi Tukda,65,45.0
Kheer,65,30.0
Bhindi Masala,20,15.0
Chicken Biryani,50,45.0
Garlic,30,33.1
Chole Bhature,50,50.0
Lamb Kabsa,0,10.0
Apple,39,10.0
Kale,0,8.5
Kachori,30,15.0
Chicken Biryani,50,45.0
Gobi Manchurian,55,40.0
Kheer,85,20.0
Mushroom Soup,49,35.0
Chicken Salad,0,10.0
Vegetable Pulao,65,45.0
Strawberries,40,7.0
Kunafa,32,3.2
Eggs,0,0.6
Mushrooms,10,3.3
Vegetable Pulao,65,52.0
Blueberries,53,14.0
Oranges,40,15.4
Barley,0,0.0
Watermelon,75,8.0
Pork Tenderloin,0,0.0
Flaxseeds,0,0.0
Rajasthani Dal,24,25.0
Chicken Curry,0,8.0
Broccoli,15,11.2
Vegetable Biryani,25,25.0
Pakora,45,6.6
Butter Chicken,0,10.0
Butter Naan,10,3.3
Labneh,4,45.0
Pears,55,23.6
Kabsa,20,15.0
Vegetable Biryani,46,60.0
Tomatoes,15,3.4
Watermelon,71,7.6
Oats,55,66.0
Chapati,20,1.5
Lamb,0,10.0
Flaxseeds,0,4.5
Broccoli,15,11.0
Kheer,65,30.0
Zucchini,0,21.7
Zucchini,0,10.0
Bhindi Masala,20,10.9
Quinoa Pasta,53,25.0
Almonds,0,9.0
Greek Salad,45,20.4
Mutton Rogan Josh,0,2.2
Lean Beef,0,0.0
Avocado Oil,10,20.0
Dosa,64,35.0
Cucumber,15,3.6
Masoor Dal,30,5.0
Quorn,0,0.0
Muhallabia,35,30.0
Asparagus,39,12.0
Green Tea,0,1.0
Cucumber,15,3.6
Turkey Breast,0,8.5
Shakshuka,50,40.0
Vegetable Biryani,50,50.0
Avocado,10,0.7
Onions,10,9.0
Chicken Tikka,20,66.1
Mansaf,40,20.0
Banana,40,5.8
Mujadara,24,30.0
Zucchini Noodles,15,3.1
Olive Oil,0,28.9
Blueberries,53,14.0
Mujadara,45,35.0
Lamb Kabsa,50,60.0
Almonds,0,0.0
Chicken Kebab,24,20.0
Lean Beef,0,0.0
Brown Rice,15,5.3
Lamb Kabsa,0,44.4
Brown Rice,15,5.3
Kale,0,0.0
Spinach,10,45.0
Mushrooms,70,35.0
Aloo Gobi,34,5.8
Brussels Sprouts,40,5.8
Orange,40,16.0
Brown Bread,89,35.0
Rasgulla,93,23.6
Coconut Milk,40,28.9
Chicken Curry,0,10.0
Gulab Jamun,70,14.0
Oats,55,66.0
Cauliflower,15,5.3
Chapati,28,27.0
Rasgulla,65,30.0
Mutton Biryani,50,50.0
Chicken Curry,0,9.0
Rajma Masala,27,45.0
Almond Milk,24,60.1
Broccoli,15,11.2
Avocado,10,0.7
Tandoori Chicken,0,5.0
Oats,55,65.9
Blueberries,53,18.0
Kiwi,75,40.0
Lettuce,10,1.0
Split Pea Soup,37,15.0
Lassi,24,15.0
Tomatoes,15,3.9
Eggplant,15,6.0
Pani Puri,85,15.0
Lamb Kabsa,0,44.4
Kheer,85,18.0
Turkey Breast,0,0.0
Onions,10,9.0
Walnuts,15,13.7
Black Beans,30,62.4
Tomato,37,15.0
Hummus,85,21.0
Berries (mixed),40,9.0
Chicken Korma,0,5.0
Quorn,0,4.5
Whole Wheat Pasta,37,25.7
Watermelon,71,7.6
Tabbouleh,24,30.0
Mansaf,65,52.0
Cauliflower,15,5.0
Quinoa Pasta,53,21.3
Peanuts,14,16.1
Celery,15,1.2
Whole Wheat Pasta,37,25.7
Chicken Mandi,75,20.0
Zucchini Noodles,15,3.1
Strawberries,40,7.7
Mutton Biryani,50,45.0
Pongal,85,32.0
Fatayer,24,20.0
Palak Paneer,0,10.0
Chicken Korma,0,5.0
Olive Oil,0,10.0
Matar Paneer,20,15.0
Spinach,15,3.6
Quinoa Salad,53,55.0
Sweet Potato,70,23.0
Oats,55,66.0
Cottage Cheese,10,2.6
Mushrooms,10,3.3
Olive Oil,0,0.0
Brown Rice,50,45.8
Kibbeh,10,9.0
Harira Soup,0,0.0
Lettuce,15,1.0
Brown Lentils,32,60.0
Gulab Jamun,70,20.0
Quinoa Salad,53,20.0
Turkey Breast,0,0.0
Zucchini Noodles,15,3.1
Kiwi,75,40.0
Baba Ganoush,59,30.0
Mango Pickle,40,33.1
Walnuts,15,13.7
Turkey Chili,65,52.0
Quorn,0,4.5
Lamb Kabsa,0,15.0
Seaweed,35,10.0
Pork Tenderloin,0,0.0
Gulab Jamun,65,50.0
Fatayer,24,66.1
Mansaf,40,45.0
Brown Rice,15,5.3
Split Pea Soup,0,5.0
Tabbouleh,0,10.0
Strawberries,40,7.0
Fatayer,24,30.0
Spinach,0,3.6
Whole Wheat Bread,68,49.9
Watermelon,71,7.6
Peanuts,12,16.1
Greek Yogurt,11,3.6
Lamb Shawarma,20,50.0
Lamb Kabsa,0,10.0
Broccoli,10,11.2
Lean Beef,0,0.0
Brown Rice,68,13.0
Vegetable Biryani,25,25.0
Mansaf,65,45.0
Avocado,15,9.0
Bell Peppers,15,3.9
Pongal,65,20.0
Chole Bhature,50,55.0
Rasgulla,65,17.0
Tomatoes,15,3.9
Mandi,55,26.3
Samosa,89,32.0
Lean Beef,0,0.0
Whole Wheat Pasta,37,25.7
Strawberries,40,7.0
Lettuce,10,1.0
Avocado,15,9.0
Almonds,0,0.0
Brown Rice,15,5.3
Lentils,32,44.8
Uttapam,0,12.0
Malai Paneer,70,10.0
Quinoa,53,21.3
Vegetable Biryani,25,55.0
Mango Pickle,40,10.0
Blueberries,46,18.0
Mutton Biryani,50,50.0
Paneer Butter Masala,15,11.0
Rasam,0,4.0
Almonds,0,0.0
Sweet Potato,70,20.0
Mujadara,45,10.0
Coconut Milk,40,45.0
Broccoli,15,17.8
Mango Pickle,55,10.0
Brussels Sprouts,40,5.8
Spinach,15,3.6
Kale,0,0.0
Chia Seeds,0,28.9
Uttapam,15,45.0
Banana,50,35.0
Almonds,0,0.0
Strawberries,40,7.0
Baingan Bharta,24,20.0
Brown Rice,15,5.3
Lamb,0,0.0
Zucchini Noodles,15,3.1
Chicken 65,0,10.0
Upma,55,35.0
Brown Bread,89,48.0
Sambousek,15,5.3
Upma,15,20.0
Chicken Tikka,0,0.0
Pineapple,66,13.0
Lentils,32,20.0
Coconut Milk,40,28.9
Kale,15,9.0
Coconut Chutney,0,15.0
Blueberries,46,18.0
Lean Beef,0,0.0
Cucumber,15,3.6
Kibbeh,15,20.0
Butter Naan,15,6.0
Mansaf,65,32.0
Mansaf,65,45.0
Chicken Biryani,50,45.0
Kiwi,75,40.0
Vegetable Curry,35,10.0
Kiwi,75,40.0
Kadai Paneer,14,5.2
Chia Seed Oil,85,20.0
Butter Naan,10,9.3
Mushrooms,10,3.3
Salmon,0,0.0
Quinoa Pasta,53,21.3
Barley,15,6.3
Eggplant Parmesan,0,10.0
Mujadara,24,20.0
Mushrooms,35,5.8
Cucumber,15,3.6
Kibbeh,10,9.3
Mansaf,65,40.0
Pongal,55,30.0
Stir-Fried Tofu,75,21.0
Spinach,0,3.6
Chicken Kebab,30,30.0
Quinoa Salad,53,20.0
Kabsa,20,20.0
Salmon,0,13.7
Coconut Milk,40,45.0
Brown Bread,89,48.0
Chicken Salad,10,6.0
Black Beans,30,44.3
Turkey Breast,0,8.5
Cucumber,15,3.6
Mushrooms,10,6.0
Dahi Vada,50,40.0
Greek Yogurt,11,3.6
Malai Paneer,70,14.0
Cucumber,15,3.6
Garlic,30,25.0
Eggplant,15,8.0
Turkey Chili,37,5.8
Kale,0,0.0
Watermelon,71,8.0
Zucchini Noodles,15,3.1
Green Beans,15,6.3
Chicken 65,85,20.0
Chana Masala,42,25.0
Mutton Biryani,50,50.0
Lean Beef,0,0.0
Flaxseed Oil,0,2.2
Lassi,24,3.9
Lean Beef,0,0.0
Mango Chutney,45,33.1
Kale,0,0.0
Flaxseeds,0,4.5
Cabbage Soup,70,15.0
Cucumber,15,3.6
Mujadara,35,30.0
Kadai Paneer,15,8.0
Avocado,10,8.5
Cottage Cheese,10,2.6
Blueberries,59,18.0
Watermelon,71,7.6
Vegetable Biryani,50,55.0
Bhindi Masala,20,60.0
Berries (mixed),40,10.6
Whole Wheat Bread,68,49.9
Bhindi Masala,20,38.0
